Component, Received From Tejas, Consumption, Scrap, Balance, Returned Quantity, Returned Accounted Quantity, Unaccounted Return Quantity, Is Balancing, Remaining Rows in Results, Balance In Annexure
170-PCC000019-E, 484, 457, 0, 4, 23, 23, 0, true, 0, 32
999-ACC000013-E, 94230, 52204, 3116, 936, 39226, 37974, 1252, true, 0, 142
999-ACC000023-E, 41377, 25688, 1310, 459, 13920, 13920, 0, true, 0, 1530
999-ACC000038-E, 930, 707, 38, 53, 132, 132, 0, true, 0, 283
999-ACC000061-E, 20381, 19305, 669, 121, 286, 286, 0, true, 0, 297
999-ACC000120-E, 11838, 11158, 475, 116, 89, 89, 0, true, 0, 32
999-AIC000008-E, 5379, 3364, 184, 1066, 1854, 765, 1089, true, 0, 29
999-AJC000008-E, 3802, 3316, 0, 20, 466, 466, 0, true, 0, 1628
999-AXC000018-E, 4683, 4614, 7, 10, 52, 52, 0, true, 0, 1735
999-AYC000258-E, 1333, 709, 38, 477, 109, 109, 0, true, 0, 283
999-AYC000339-E, 181046, 106284, 4882, 2599, 70929, 67281, 3648, true, 0, 1736
999-AYC393509-E, 3480, 1773, 102, 419, 1186, 1186, 0, true, 0, 1751
999-CAC000559-E, 492, 457, 0, 35, 79, 0, 79, true, 0, 1578
999-CAC000718-E, 1425, 1371, 0, 0, 54, 54, 0, true, 0, 1594
999-CAC000784-E, 2767, 2742, 0, 0, 25, 25, 0, true, 0, 1344
999-CAC001039-E, 476, 457, 0, 19, 0, 0, 0, true, 0, 22
170-CDA000010-M, 459, 457, 0, 0, 2, 2, 0, true, 0, 1907
170-CGC000005-M, 458, 457, 0, 0, 1, 1, 0, true, 0, 1907
998-BZA000769-X, 468, 457, 0, 11, 0, 0, 0, true, 0, 1628
998-BZA000857-X, 2748, 2742, 0, 0, 6, 6, 0, true, 0, 1263
998-CPC000068-M, 5528, 3857, 0, 1041, 630, 630, 0, true, 0, 1867
998-CPC000132-M, 460, 457, 0, 3, 0, 0, 0, true, 0, 161
998-CPC000208-M, 5000, 1811, 0, 3189, 4000, 0, 4000, true, 0, 1907
999-ACC000065-E, 685, 457, 20, 124, 84, 84, 0, true, 0, 283
999-ACC000068-E, 1122, 767, 45, 303, 7, 7, 0, true, 0, 32
999-ACC000083-E, 3184, 2806, 132, 217, 29, 29, 0, true, 0, 292
999-ACC000100-E, 257691, 200701, 14705, 42285, 51810, 0, 51810, true, 0, 293
999-ACC315503-E, 40133, 15108, 1432, 2132, 21461, 21461, 0, true, 0, 142
999-ACC316252-E, 500, 457, 43, 0, 0, 0, 0, true, 0, 1099
999-ACC546502-E, 724, 457, 21, 96, 150, 150, 0, true, 0, 283
999-ADC000031-E, 5149, 4950, 0, 8, 191, 191, 0, true, 0, 1610
999-AIC000030-E, 9216, 8564, 374, 85, 472, 193, 279, true, 0, 142
999-AIC000063-E, 3620, 3470, 71, 79, 0, 0, 0, true, 0, 30
999-AIC000065-E, 8976, 7414, 349, 1213, 1531, 0, 1531, true, 0, 1799
999-AJC000015-E, 949, 914, 20, 0, 15, 15, 0, true, 0, 1348
999-AJC000019-E, 1525, 1164, 0, 26, 335, 335, 0, true, 0, 1735
999-ARC000003-E, 494, 457, 0, 7, 30, 30, 0, true, 0, 157
999-AXC000094-E, 1757, 1523, 73, 68, 189, 93, 96, true, 0, 292
999-AXC800004-E, 6949, 6542, 121, 0, 286, 286, 0, true, 0, 1347
999-AYC000028-E, 4250, 2803, 176, 171, 1100, 1100, 0, true, 0, 1579
999-AYC000035-E, 3582, 3244, 154, 35, 149, 149, 0, true, 0, 292
999-AYC000163-E, 2031, 1521, 74, 306, 130, 130, 0, true, 0, 292
999-AYC000306-E, 49380, 35896, 2037, 374, 11073, 11073, 0, true, 0, 293
999-AYC000325-E, 770, 457, 31, 162, 120, 120, 0, true, 0, 1961
999-AYC393252-E, 22964, 6811, 745, 8394, 15471, 7014, 8457, true, 0, 292
999-AYC393502-E, 80411, 59007, 2794, 18610, 15664, 0, 15664, true, 0, 293
999-AYC393503-E, 11058, 5375, 253, 3377, 2053, 2053, 0, true, 0, 1597
999-AYC393512-E, 5975, 3395, 174, 446, 1960, 1960, 0, true, 0, 292
999-AYC395001-E, 119292, 46231, 2244, 2551, 71343, 68266, 3077, true, 0, 152
999-AYC395255-E, 44916, 15961, 1009, 472, 27474, 27474, 0, true, 0, 120
999-AYC395275-E, 980, 914, 46, 20, 0, 0, 0, true, 0, 30
999-AYC395506-E, 960, 457, 20, 170, 313, 313, 0, true, 0, 1961
999-AYC395518-E, 4056, 2447, 169, 234, 1206, 1206, 0, true, 0, 1553
999-AYC595001-E, 14228, 12536, 215, 205, 1272, 1272, 0, true, 0, 1578
999-AYC595500-E, 5986, 4612, 215, 1159, 963, 0, 963, true, 0, 283
999-AYC595504-E, 2087, 1958, 88, 41, 226, 0, 226, true, 0, 292
999-BEC000233-E, 582, 457, 0, 125, 106, 0, 106, true, 0, 120
999-BOC000001-E, 1463, 1206, 0, 12, 245, 245, 0, true, 0, 1808
999-BVC000003-E, 2290, 1353, 0, 122, 815, 815, 0, true, 0, 1740
999-CAC000001-E, 3190, 1447, 0, 75, 1772, 1668, 104, true, 0, 1647
999-CBCLP0002-E, 468, 457, 0, 5, 6, 6, 0, true, 0, 1647
999-CECSMX014-M, 5292, 4006, 0, 115, 1171, 1171, 0, true, 0, 22
999-CECSMX021-M, 5706, 5484, 0, 77, 145, 145, 0, true, 0, 22
999-CFC000037-M, 1095, 1028, 6, 0, 61, 61, 0, true, 0, 1594
999-CIC000050-E, 936, 914, 0, 0, 22, 22, 0, true, 0, 1351
999-CIC000054-E, 1424, 1371, 0, 44, 60, 9, 51, true, 0, 1647
999-CLC000178-E, 4428, 2819, 0, 179, 1430, 1430, 0, true, 0, 1833
999-CLC000204-E, 1372, 1316, 0, 24, 32, 32, 0, true, 0, 33
999-CLC000211-E, 480, 457, 3, 0, 20, 20, 0, true, 0, null
999-CLC000249-E, 1808, 1523, 0, 34, 251, 251, 0, true, 0, 293
170-CGC000051-M, 460, 457, 0, 0, 3, 3, 0, true, 0, 1907
999-ACC000138-E, 5620, 4596, 221, 339, 464, 464, 0, true, 0, 161
001-PCC000015-E, 546, 475, 0, 71, 84, 0, 84, true, 0, 1901
111-CGC000012-M, 503, 475, 0, 0, 30, 28, 2, true, 0, 1907
160-CDC000064-M, 1117, 899, 0, 5, 269, 213, 56, true, 0, 31
170-CCA000005-M, 475, 475, 0, 0, 0, 0, 0, true, 0, 1907
170-CGC000006-M, 483, 475, 0, 1, 7, 7, 0, true, 0, 31
170-PCC000003-E, 481, 475, 0, 3, 3, 3, 0, true, 0, 1594
170-PCC000016-E, 495, 475, 0, 0, 20, 20, 0, true, 0, 1216
999-ACC000121-E, 840, 609, 27, 155, 49, 49, 0, true, 0, 32
999-ACC000124-E, 10697, 7365, 344, 2988, 3202, 0, 3202, true, 0, 292
999-ACC317501-E, 296884, 147616, 11316, 221, 148083, 137731, 10352, true, 0, 142
999-ACC326502-E, 43876, 29660, 1394, 3780, 13135, 9042, 4093, true, 0, 1736
999-ACC326504-E, 18801, 11475, 559, 269, 6783, 6498, 285, true, 0, 292
999-ACC326750-E, 1600, 950, 57, 22, 571, 571, 0, true, 0, 1751
999-ACC757501-E, 1976, 1425, 75, 200, 276, 276, 0, true, 0, 292
999-ACC757503-E, 2517, 1900, 100, 49, 468, 468, 0, true, 0, 31
999-ACCC57751-E, 1238, 990, 41, 3, 230, 204, 26, true, 0, 34
999-AHC916751-E, 41037, 7528, 0, 702, 32807, 32807, 0, true, 0, 119
999-AIC000001-E, 2884, 1202, 65, 23, 1594, 1594, 0, true, 0, 1577
999-AIC000005-E, 3104, 2929, 130, 27, 112, 18, 94, true, 0, 119
999-AIC000016-E, 6652, 4571, 217, 1864, 1876, 0, 1876, true, 0, 30
999-AIC000026-E, 8999, 6650, 290, 311, 2305, 1748, 557, true, 0, 1808
999-AIC000046-E, 2300, 1900, 92, 4, 344, 304, 40, true, 0, 30
999-AIC000092-E, 490, 475, 12, 3, 0, 0, 0, true, 0, 1533
999-ARC000005-E, 600, 495, 0, 4, 101, 101, 0, true, 0, 28
999-AXC000003-E, 4008, 3121, 157, 382, 887, 348, 539, true, 0, 119
999-AXC000013-E, 5864, 4947, 229, 53, 635, 635, 0, true, 0, 292
999-AXC000023-E, 4915, 4295, 190, 140, 557, 290, 267, true, 0, 297
999-AYC000014-E, 5410, 4432, 221, 107, 650, 650, 0, true, 0, 292
999-AYC000073-E, 1570, 1049, 66, 87, 368, 368, 0, true, 0, 1618
999-AYC000074-E, 1002, 475, 30, 87, 410, 410, 0, true, 0, 293
999-AYC393250-E, 7437, 5524, 307, 17, 1589, 1589, 0, true, 0, 1618
999-AYC395252-E, 38456, 29122, 1364, 686, 8382, 7284, 1098, true, 0, 1751
999-AYC395259-E, 206784, 100581, 3196, 2795, 113202, 100212, 12990, true, 0, 152
999-AYC395521-E, 11911, 4224, 209, 4290, 7516, 3188, 4328, true, 0, 292
999-AYC595259-E, 4170, 3385, 188, 597, 602, 0, 602, true, 0, 293
999-AYC595750-E, 8968, 2130, 164, 6674, 6864, 0, 6864, true, 0, 30
999-AYC815251-E, 4202, 1246, 79, 654, 2223, 2223, 0, true, 0, 152
999-AYCGA3251-E, 1510, 1190, 53, 77, 190, 190, 0, true, 0, 120
999-AYCGA3252-E, 939, 495, 25, 277, 142, 142, 0, true, 0, 293
999-AYCGA3502-E, 4515, 3567, 157, 106, 685, 685, 0, true, 0, 293
999-AYCGA3503-E, 1100, 495, 25, 86, 494, 494, 0, true, 0, 293
999-AYCGA3504-E, 3003, 2475, 121, 374, 857, 33, 824, true, 0, 30
999-AYCGA3505-E, 1410, 990, 49, 231, 140, 140, 0, true, 0, 293
999-AYCGA3508-E, 800, 495, 25, 181, 99, 99, 0, true, 0, 32
999-AYCGA5002-E, 800, 495, 25, 95, 185, 185, 0, true, 0, 292
999-BCC000001-E, 8173, 5453, 0, 1918, 2721, 802, 1919, true, 0, 152
999-BEC000148-E, 1210, 1163, 0, 42, 5, 5, 0, true, 0, 31
999-BHC000001-E, 9120, 4530, 0, 170, 4420, 4420, 0, true, 0, 152
999-BVC000167-E, 550, 475, 0, 22, 53, 53, 0, true, 0, 1769
999-CAC000345-E, 496, 475, 0, 21, 31, 0, 31, true, 0, 1116
999-CAC000436-E, 652, 589, 0, 23, 40, 40, 0, true, 0, 28
999-CAC000498-E, 1027, 950, 0, 12, 65, 65, 0, true, 0, 1523
999-CAC000597-E, 497, 475, 3, 0, 19, 19, 0, true, 0, 1238
999-CBC000045-E, 6001, 4586, 0, 724, 691, 691, 0, true, 0, 32
999-CECSPX006-M, 3983, 3800, 0, 183, 436, 0, 436, true, 0, 40
999-CECSRX011-M, 2682, 2668, 0, 0, 14, 14, 0, true, 0, 1907
999-CIC000032-E, 659, 589, 0, 3, 67, 67, 0, true, 0, 1628
999-CKC000032-E, 494, 475, 0, 0, 19, 19, 0, true, 0, 1740
999-ABC000001-E, 55012, 26316, 0, 3359, 25337, 25337, 0, true, 0, 142
999-ACC000072-E, 6150, 2672, 193, 248, 3289, 3037, 252, true, 0, 1522
999-ACC000116-E, 1114, 950, 49, 115, 359, 0, 359, true, 0, 1735
999-ACC000123-E, 750, 609, 30, 76, 35, 35, 0, true, 0, 1735
999-ACC315026-E, 1508, 1060, 61, 93, 294, 294, 0, true, 0, 1577
999-ACC316504-E, 44050, 32008, 1562, 2211, 11102, 8269, 2833, true, 0, 157
999-ACC757502-E, 2568, 1900, 83, 444, 141, 141, 0, true, 0, 34
999-ADC837001-E, 1275, 995, 0, 201, 79, 79, 0, true, 0, 29
999-AHC926001-E, 8054, 1978, 0, 627, 5449, 5449, 0, true, 0, 32
999-AIC000006-E, 54570, 29668, 1454, 973, 24842, 22475, 2367, true, 0, 1736
999-AIC000007-E, 1605, 653, 58, 311, 583, 583, 0, true, 0, 30
999-AIC000044-E, 3048, 1940, 129, 823, 1056, 156, 900, true, 0, 1833
999-AJC000009-E, 1499, 1178, 0, 12, 309, 309, 0, true, 0, 34
999-AKC000006-E, 7434, 4312, 0, 3122, 3060, 0, 3060, true, 0, 292
999-AXC000001-E, 878, 663, 30, 11, 174, 174, 0, true, 0, 1735
999-AXC000002-E, 1980, 1710, 82, 92, 189, 96, 93, true, 0, 33
999-AXC000035-E, 600, 475, 24, 40, 105, 61, 44, true, 0, 1618
999-AYC000006-E, 2597, 1048, 72, 373, 1104, 1104, 0, true, 0, 292
999-AYC393516-E, 6288, 2597, 240, 265, 3186, 3186, 0, true, 0, 120
999-AYC395251-E, 370184, 164981, 10255, 596, 199445, 194352, 5093, true, 0, 34
999-AYC395256-E, 32344, 6921, 950, 4761, 24701, 19712, 4989, true, 0, 102
999-AYC395257-E, 15473, 6561, 300, 621, 7991, 7991, 0, true, 0, 1736
999-AYC395501-E, 175975, 43446, 7063, 8366, 128782, 117100, 11682, true, 0, 152
999-AYCGA3250-E, 2448, 1610, 78, 47, 713, 713, 0, true, 0, 293
999-AYCGA3253-E, 2171, 1615, 78, 115, 363, 363, 0, true, 0, 293
999-AYCGA3254-E, 1310, 990, 53, 148, 309, 119, 190, true, 0, 30
999-AYCGA3255-E, 623, 495, 26, 3, 99, 99, 0, true, 0, 1558
999-BGC000002-E, 4328, 1473, 0, 7, 2848, 2848, 0, true, 0, 29
999-BGC000083-E, 530, 475, 0, 3, 52, 52, 0, true, 0, 34
999-CAC000266-E, 493, 475, 0, 0, 18, 18, 0, true, 0, 1553
999-CAC000505-E, 500, 475, 7, 0, 18, 18, 0, true, 0, 1238
999-CBC000001-E, 11155, 4748, 0, 353, 6054, 6054, 0, true, 0, 32
999-CKC000040-E, 504, 475, 0, 0, 29, 29, 0, true, 0, 1470
999-AYCGA3507-E, 847, 495, 25, 145, 182, 182, 0, true, 0, 292
999-BCC000002-E, 1285, 593, 0, 17, 675, 675, 0, true, 0, 34
999-BGC000022-E, 570, 475, 0, 5, 90, 90, 0, true, 0, 40
999-BGC000059-E, 510, 495, 0, 15, 0, 0, 0, true, 0, 1530
999-CAC000437-E, 513, 475, 13, 0, 25, 25, 0, true, 0, 1530
999-CAC000608-E, 491, 475, 0, 0, 16, 16, 0, true, 0, 1240
999-CLC000029-E, 1370, 1007, 0, 25, 338, 338, 0, true, 0, 1735
160-CDC000065-M, 1090, 973, 23, 0, 94, 94, 0, true, 0, 1907
170-CCA000022-M, 868, 859, 0, 0, 9, 9, 0, true, 0, 22
170-CGC000041-M, 865, 859, 0, 3, 3, 3, 0, true, 0, 161
170-PCC000043-E, 863, 859, 0, 4, 0, 0, 0, true, 0, 22
998-CFA000006-M, 4845, 4295, 0, 0, 550, 550, 0, true, 0, 161
999-ACC000066-E, 6205, 6024, 161, 20, 0, 0, 0, true, 0, 157
999-ACC000076-E, 1508, 1034, 50, 164, 260, 260, 0, true, 0, 32
999-ACC000078-E, 10597, 5673, 366, 139, 4419, 4419, 0, true, 0, 142
999-ACC000186-E, 1359, 1323, 8, 3, 140, 25, 115, true, 0, 293
999-ACC000208-E, 10716, 6121, 354, 819, 3422, 3422, 0, true, 0, 33
999-ADC000018-E, 3496, 3436, 0, 20, 40, 40, 0, true, 0, 22
999-AIC000128-E, 2030, 1718, 75, 237, 0, 0, 0, true, 0, 292
999-AOC000132-E, 911, 859, 0, 3, 49, 49, 0, true, 0, 293
999-AOC000133-E, 1742, 1718, 0, 24, 0, 0, 0, true, 0, 22
999-AXC000006-E, 2840, 2577, 118, 145, 296, 0, 296, true, 0, 292
999-AYC000007-E, 7350, 2374, 241, 113, 4622, 4622, 0, true, 0, 33
999-AYC000024-E, 6400, 2581, 249, 420, 3150, 3150, 0, true, 0, 119
999-AYC000046-E, 4518, 4121, 183, 214, 0, 0, 0, true, 0, 292
999-AYC000054-E, 2632, 2378, 118, 136, 0, 0, 0, true, 0, 283
999-AYC000064-E, 8034, 3988, 273, 3430, 343, 343, 0, true, 0, 292
999-AYC000108-E, 5121, 3595, 173, 473, 880, 880, 0, true, 0, 292
999-AYC000225-E, 3449, 2993, 456, 0, 514, 0, 514, true, 0, 1348
999-AYC000254-E, 1900, 1718, 78, 104, 0, 0, 0, true, 0, 30
999-AYC000293-E, 2400, 2338, 36, 26, 0, 0, 0, true, 0, 33
999-AYC000296-E, 6610, 5916, 251, 443, 0, 0, 0, true, 0, 292
999-AYC000318-E, 5167, 4500, 217, 175, 275, 275, 0, true, 0, 30
999-AYC000367-E, 3130, 2687, 120, 323, 246, 0, 246, true, 0, 33
999-AYC000557-E, 1800, 1718, 64, 5, 13, 13, 0, true, 0, 34
999-AYC395268-E, 10581, 7666, 343, 2572, 2432, 0, 2432, true, 0, 152
999-AYC395269-E, 12868, 7836, 409, 4623, 4638, 0, 4638, true, 0, 293
999-AYC395512-E, 2050, 1479, 65, 341, 165, 165, 0, true, 0, 292
999-AYC395535-E, 5617, 2707, 497, 0, 2413, 2413, 0, true, 0, 1494
999-BAC000004-E, 1502, 1309, 0, 4, 189, 189, 0, true, 0, 293
999-CAC000178-E, 1500, 1479, 0, 0, 21, 21, 0, true, 0, 1799
999-CAC000941-E, 865, 859, 0, 6, 0, 0, 0, true, 0, 34
999-CAC001038-E, 864, 859, 0, 0, 5, 5, 0, true, 0, 1447
999-CAC001244-E, 931, 859, 0, 9, 63, 63, 0, true, 0, 1523
999-CECNSS002-M, 2832, 2579, 0, 38, 215, 215, 0, true, 0, 22
999-CECSMX008-M, 8704, 8590, 0, 114, 0, 0, 0, true, 0, 293
999-CECSMX022-M, 1742, 1718, 0, 2, 22, 22, 0, true, 0, 22
999-CECSPX008-M, 6343, 5763, 0, 580, 0, 0, 0, true, 0, 293
999-CECWPS005-M, 6043, 3622, 0, 2421, 868, 0, 868, true, 0, 293
999-CLC000111-E, 2098, 2084, 0, 14, 0, 0, 0, true, 0, 33
999-CLC000221-E, 5510, 5464, 0, 46, 0, 0, 0, true, 0, 30
998-CPC000066-M, 4248, 3857, 0, 1, 390, 390, 0, true, 0, 266
998-CPC000205-M, 4001, 3777, 0, 224, 0, 0, 0, true, 0, 161
998-CPC000600-M, 468, 457, 0, 8, 3, 3, 0, true, 0, 1938
998-CPC000601-M, 457, 457, 0, 0, 0, 0, 0, true, 0, 1907
999-ACC000135-E, 1950, 1718, 86, 146, 173, 0, 173, true, 0, 292
999-ADC000038-E, 980, 859, 0, 121, 167, 0, 167, true, 0, 293
999-AJC000040-E, 866, 859, 0, 4, 3, 3, 0, true, 0, 293
999-AOC000094-E, 904, 859, 0, 14, 31, 31, 0, true, 0, 1736
999-AXC000106-E, 9382, 9210, 0, 51, 121, 121, 0, true, 0, 34
999-AXCOP0096-E, 2252, 2159, 38, 55, 72, 0, 72, true, 0, 34
999-AYC000464-E, 3500, 2887, 144, 100, 369, 369, 0, true, 0, 292
999-AYC000556-E, 989, 859, 42, 88, 127, 0, 127, true, 0, 31
999-BOC000007-E, 1540, 1357, 0, 39, 144, 144, 0, true, 0, 1735
999-BRC000050-E, 1490, 1479, 0, 7, 4, 4, 0, true, 0, 28
999-CAC000554-E, 884, 859, 0, 5, 20, 20, 0, true, 0, 34
999-CLC000185-E, 1050, 1034, 0, 16, 0, 0, 0, true, 0, 1833
999-CLC000207-E, 1563, 1479, 0, 24, 60, 60, 0, true, 0, 292
999-CLC000293-E, 1534, 1479, 0, 55, 116, 0, 116, true, 0, 28
999-CLC000398-E, 870, 859, 11, 0, 0, 0, 0, true, 0, 1280
120-CGC000040-M, 16000, 7013, 8987, 0, 0, 0, 0, true, 0, 225
170-CCA000032-M, 157, 114, 0, 0, 43, 43, 0, true, 0, 31
170-CCA000033-M, 157, 114, 0, 0, 43, 43, 0, true, 0, 1137
170-CDA000024-M, 157, 114, 0, 0, 43, 43, 0, true, 0, 1137
170-CGC000056-M, 157, 114, 0, 2, 41, 41, 0, true, 0, 31
170-CGC000058-M, 315, 228, 0, 0, 87, 87, 0, true, 0, 1137
170-CGC000059-M, 315, 228, 0, 0, 87, 87, 0, true, 0, null
170-CGC000098-M, 160, 114, 0, 0, 46, 46, 0, true, 0, 1137
170-PCC000065-E, 162, 114, 0, 38, 10, 10, 0, true, 0, 22
998-CPC000207-M, 2000, 1991, 0, 9, 693, 0, 693, true, 0, 161
998-CPC000570-M, 164, 114, 0, 50, 0, 0, 0, true, 0, 266
998-CPC000635-M, 164, 114, 0, 6, 44, 44, 0, true, 0, 173
998-CPC000952-M, 164, 114, 0, 0, 50, 50, 0, true, 0, null
998-CPC000953-M, 164, 114, 0, 5, 45, 45, 0, true, 0, 161
999-ABC000007-E, 32095, 15727, 0, 1539, 14829, 14829, 0, true, 0, 1563
999-ACC000051-E, 1626, 476, 20, 139, 991, 991, 0, true, 0, 32
999-ACC000052-E, 640738, 250295, 14137, 0, 376306, 376306, 0, true, 0, 1339
999-ACC000053-E, 35758, 14049, 629, 366, 20714, 20714, 0, true, 0, 1553
999-ACC000142-E, 4540, 4062, 199, 279, 495, 0, 495, true, 0, 33
999-ACC000230-E, 1700, 1140, 48, 458, 553, 54, 499, true, 0, 32
999-ACC000232-E, 103909, 45846, 851, 0, 57212, 57212, 0, true, 0, 1762
999-ACC000366-E, 800, 456, 20, 25, 299, 299, 0, true, 0, 32
999-ACC316027-E, 2028, 1026, 51, 162, 789, 789, 0, true, 0, 1580
999-ADC000001-E, 3310, 2582, 0, 142, 586, 586, 0, true, 0, 1618
999-AHCA16001-E, 7033, 3880, 0, 176, 2977, 2977, 0, true, 0, 1628
999-AXC000071-E, 211, 114, 0, 0, 97, 97, 0, true, 0, null
999-AYC000184-E, 4430, 1368, 94, 143, 2825, 2825, 0, true, 0, 1751
999-AYC000207-E, 10163, 4868, 410, 35, 4850, 4850, 0, true, 0, 102
999-AYC000217-E, 10780, 2896, 162, 1381, 6341, 6341, 0, true, 0, 1580
999-AYC000477-E, 200, 114, 15, 0, 71, 71, 0, true, 0, null
999-BEC000236-E, 595, 244, 0, 33, 318, 318, 0, true, 0, 1769
999-BRC000082-E, 168, 114, 0, 5, 49, 49, 0, true, 0, 173
999-CAC000004-E, 3275, 2007, 0, 14, 1254, 1254, 0, true, 0, 1681
999-CAC001281-E, 278, 114, 0, 0, 164, 164, 0, true, 0, 1298
999-CAC001283-E, 630, 456, 0, 0, 174, 174, 0, true, 0, 1137
999-CBC000046-E, 2471, 1738, 0, 733, 1038, 0, 1038, true, 0, 1523
999-CECCAC019-M, 3000, 2166, 0, 98, 736, 736, 0, true, 0, 22
999-CIC000040-E, 1940, 1482, 345, 0, 113, 113, 0, true, 0, 1249
999-CJC000002-M, 157, 114, 0, 1, 42, 42, 0, true, 0, 31
999-CJC000003-M, 157, 114, 0, 43, 44, 0, 44, true, 0, 31
999-CKC000029-E, 180, 134, 1, 0, 45, 45, 0, true, 0, null
999-CKC000138-E, 162, 114, 0, 1, 47, 47, 0, true, 0, 34
999-CLC000054-E, 2700, 806, 0, 92, 1802, 1802, 0, true, 0, 1736
160-CDC000049-M, 275, 199, 0, 0, 76, 76, 0, true, 0, 1386
999-BVC000001-E, 1609, 413, 0, 24, 1172, 1172, 0, true, 0, 19
999-CAC000006-E, 3400, 1494, 0, 10, 1896, 1896, 0, true, 0, 22
999-CAC000667-E, 157, 114, 0, 1, 42, 42, 0, true, 0, 34
102-PCCPSU003-E, 416, 380, 0, 30, 6, 6, 0, true, 0, 157
115-PCC000013-E, 156, 85, 0, 71, 72, 0, 72, true, 0, 1593
130-PCC000053-E, 155, 84, 0, 1, 70, 70, 0, true, 0, 1594
141-PCC000001-E, 528, 110, 0, 0, 418, 418, 0, true, 0, 1216
141-PCC000011-E, 979, 574, 0, 1, 404, 404, 0, true, 0, 1593
401-PCC000007-E, 109, 85, 0, 0, 24, 24, 0, true, 0, 1522
998-CPC000599-M, 460, 457, 0, 0, 3, 3, 0, true, 0, 1921
160-CDC000068-M, 881, 684, 0, 0, 197, 197, 0, true, 0, 1280
998-CECSPP012-M, 90, 80, 0, 0, 10, 10, 0, true, 0, null
998-CECSPP013-M, 90, 80, 1, 0, 9, 9, 0, true, 0, null
998-CFC000001-M, 380, 380, 0, 0, 0, 0, 0, true, 0, 1594
999-ACC000220-E, 100, 100, 0, 0, 0, 0, 0, true, 0, null
999-ACC316029-E, 500, 168, 8, 129, 195, 195, 0, true, 0, 1618
999-ACCE17751-E, 839, 396, 29, 184, 422, 230, 192, true, 0, 1523
999-ACCEA7751-E, 1170, 658, 32, 24, 502, 456, 46, true, 0, 1610
999-ADC000029-E, 870, 861, 0, 1, 8, 8, 0, true, 0, 157
999-AHC000001-E, 842, 252, 0, 35, 555, 555, 0, true, 0, 1579
999-AHC936001-E, 973, 160, 0, 501, 900, 312, 588, true, 0, 119
999-AIC000051-E, 1733, 861, 72, 629, 854, 171, 683, true, 0, 1597
999-AJC000039-E, 200, 85, 9, 0, 106, 106, 0, true, 0, null
999-AJC000062-E, 207, 40, 2, 0, 165, 165, 0, true, 0, null
999-AOC000010-E, 2502, 1910, 0, 35, 557, 557, 0, true, 0, 142
999-AOC000066-E, 601, 110, 0, 11, 480, 480, 0, true, 0, 1550
999-AOC000069-E, 530, 110, 0, 15, 405, 405, 0, true, 0, 1533
999-AOC000086-E, 526, 110, 0, 9, 407, 407, 0, true, 0, 1533
999-ARC000002-E, 540, 198, 0, 1, 360, 341, 19, true, 0, 120
999-AXC000049-E, 793, 510, 36, 92, 270, 155, 115, true, 0, 1867
999-AXCT00086-E, 300, 60, 5, 0, 235, 235, 0, true, 0, null
999-AYC000201-E, 500, 255, 245, 0, 0, 0, 0, true, 0, null
999-AYC000208-E, 500, 170, 330, 0, 0, 0, 0, true, 0, null
999-AYC000212-E, 754, 170, 10, 76, 498, 498, 0, true, 0, 44
999-AYC000215-E, 1840, 1275, 75, 170, 320, 320, 0, true, 0, 1618
999-AYC000218-E, 1750, 1190, 71, 139, 554, 350, 204, true, 0, 1632
999-AYC000219-E, 500, 255, 126, 0, 119, 119, 0, true, 0, null
999-AYC000300-E, 200, 60, 11, 0, 129, 129, 0, true, 0, null
999-AYC395509-E, 550, 394, 24, 132, 0, 0, 0, true, 0, 34
999-AYC395516-E, 353, 84, 8, 156, 105, 105, 0, true, 0, 102
999-AYC395533-E, 1418, 84, 5, 97, 1232, 1232, 0, true, 0, 1578
999-AYC815501-E, 855, 680, 37, 49, 175, 89, 86, true, 0, 152
999-AZC000007-E, 2690, 1344, 0, 97, 1249, 1249, 0, true, 0, 1751
999-AZC000012-E, 1000, 425, 0, 575, 0, 0, 0, true, 0, 1618
999-BAC000002-E, 1252, 861, 0, 4, 387, 387, 0, true, 0, 120
999-BBC000090-E, 100, 20, 1, 0, 79, 79, 0, true, 0, null
999-BEC000111-E, 304, 168, 0, 2, 134, 134, 0, true, 0, 29
999-BEC000142-E, 271, 85, 0, 8, 178, 178, 0, true, 0, 1628
999-BJC000008-E, 1082, 574, 0, 11, 497, 497, 0, true, 0, 1751
999-BUC000008-E, 419, 169, 0, 3, 247, 247, 0, true, 0, 1632
999-BVC000069-E, 300, 169, 0, 2, 129, 129, 0, true, 0, 1578
999-BVC000081-E, 417, 255, 13, 0, 149, 149, 0, true, 0, 1345
999-CAC000061-E, 300, 169, 4, 0, 127, 127, 0, true, 0, null
999-CAC000406-E, 130, 85, 0, 0, 45, 45, 0, true, 0, 1162
999-CAC000407-E, 159, 85, 24, 0, 50, 50, 0, true, 0, 1344
999-CAC000413-E, 343, 189, 0, 7, 147, 147, 0, true, 0, 1550
999-CECSMX017-M, 780, 760, 0, 1, 19, 19, 0, true, 0, 22
999-CECSRX012-M, 30, 20, 0, 0, 10, 10, 0, true, 0, null
999-CFC000005-M, 380, 380, 0, 0, 0, 0, 0, true, 0, 1594
999-CFC000045-M, 86, 85, 0, 1, 0, 0, 0, true, 0, 102
999-CFC000050-M, 100, 84, 0, 1, 15, 15, 0, true, 0, 1907
999-CFC000072-M, 985, 574, 0, 0, 411, 411, 0, true, 0, 1221
999-CFC000101-M, 512, 220, 0, 10, 293, 282, 11, true, 0, 1907
999-CFC000102-M, 512, 220, 0, 0, 292, 292, 0, true, 0, 1221
999-CFC000112-M, 30, 20, 0, 0, 10, 10, 0, true, 0, null
999-CFC000119-M, 86, 85, 0, 0, 1, 1, 0, true, 0, 1324
999-CFC000120-M, 85, 85, 0, 0, 0, 0, 0, true, 0, 1594
999-CLC000017-E, 1098, 202, 0, 15, 881, 881, 0, true, 0, 1529
999-CLC000091-E, 5390, 1184, 0, 35, 4171, 4171, 0, true, 0, 1736
999-CLC000200-E, 200, 20, 1, 0, 179, 179, 0, true, 0, null
999-CLC000224-E, 1119, 220, 20, 0, 879, 879, 0, true, 0, 1533
999-CLC000260-E, 98, 20, 11, 0, 67, 67, 0, true, 0, null
999-CLC000380-E, 432, 253, 0, 5, 174, 174, 0, true, 0, 1647
999-ACC000058-E, 1307, 694, 33, 308, 272, 272, 0, true, 0, 293
999-ACC000067-E, 220, 20, 7, 0, 193, 193, 0, true, 0, null
999-ACC000093-E, 200, 40, 21, 0, 139, 139, 0, true, 0, null
999-ACC000099-E, 200, 40, 8, 0, 152, 152, 0, true, 0, null
999-ACC000126-E, 146, 80, 10, 0, 56, 56, 0, true, 0, null
999-ACC000158-E, 500, 84, 12, 41, 363, 363, 0, true, 0, 102
999-ACC000197-E, 1000, 425, 20, 427, 128, 128, 0, true, 0, 1611
999-ACC000238-E, 500, 80, 22, 0, 398, 398, 0, true, 0, null
999-ACC000367-E, 200, 20, 1, 0, 179, 179, 0, true, 0, null
999-ACC316255-E, 400, 84, 8, 184, 124, 124, 0, true, 0, 102
999-ACC326027-E, 430, 84, 9, 65, 272, 272, 0, true, 0, 30
999-ACC327501-E, 20200, 114, 8, 109, 19969, 19969, 0, true, 0, 1558
999-ACC7C6501-E, 5060, 3794, 188, 1, 1080, 1077, 3, true, 0, 142
999-AHC000004-E, 388, 255, 0, 133, 0, 0, 0, true, 0, 1647
999-AIC000068-E, 167, 60, 5, 0, 102, 102, 0, true, 0, null
999-AIC000069-E, 150, 40, 1, 0, 109, 109, 0, true, 0, null
999-AJC000046-E, 200, 120, 24, 0, 56, 56, 0, true, 0, null
999-AJC000069-E, 200, 20, 23, 0, 157, 157, 0, true, 0, null
999-AJC000070-E, 162, 40, 2, 0, 120, 120, 0, true, 0, null
999-AMC000007-E, 328, 170, 158, 0, 0, 0, 0, true, 0, 1145
999-AMC000009-E, 100, 20, 0, 0, 80, 80, 0, true, 0, null
999-AOC000077-E, 200, 20, 180, 0, 0, 0, 0, true, 0, null
999-AXC000009-E, 200, 40, 9, 0, 151, 151, 0, true, 0, null
999-AXC000039-E, 200, 40, 119, 0, 41, 41, 0, true, 0, null
999-AYC000038-E, 384, 84, 10, 212, 78, 78, 0, true, 0, 102
999-AYC000039-E, 200, 84, 47, 0, 69, 69, 0, true, 0, null
999-AYC000053-E, 5149, 320, 207, 4510, 4745, 112, 4633, true, 0, 1597
999-AYC000069-E, 5450, 1722, 212, 67, 3535, 3449, 86, true, 0, 120
999-AYC000070-E, 1045, 911, 45, 6, 83, 83, 0, true, 0, 152
999-AYC000202-E, 1185, 510, 28, 647, 0, 0, 0, true, 0, 1578
999-AYC000211-E, 1105, 510, 24, 321, 250, 250, 0, true, 0, 1578
999-AYC000213-E, 500, 170, 330, 0, 0, 0, 0, true, 0, null
999-AYC000220-E, 1076, 85, 20, 523, 448, 448, 0, true, 0, 44
999-AYC000221-E, 750, 85, 20, 409, 236, 236, 0, true, 0, 44
999-AYC000222-E, 1000, 85, 20, 399, 496, 496, 0, true, 0, 44
999-AYC000223-E, 650, 85, 565, 0, 0, 0, 0, true, 0, null
999-AYC000224-E, 1000, 85, 20, 398, 497, 497, 0, true, 0, 44
999-AYC000229-E, 1463, 305, 322, 0, 836, 836, 0, true, 0, 1243
999-AYC000230-E, 700, 85, 8, 113, 494, 494, 0, true, 0, 44
999-AYC000234-E, 220, 20, 56, 0, 144, 144, 0, true, 0, null
999-AYC000285-E, 941, 194, 18, 171, 558, 558, 0, true, 0, 1522
999-AYC000345-E, 1000, 85, 20, 895, 0, 0, 0, true, 0, 44
999-AYC000348-E, 200, 20, 27, 0, 153, 153, 0, true, 0, null
999-AYC000377-E, 420, 84, 9, 49, 278, 278, 0, true, 0, 119
999-AYC000444-E, 376, 85, 40, 0, 251, 251, 0, true, 0, null
999-AYC393508-E, 427, 239, 17, 171, 0, 0, 0, true, 0, 102
999-AYC393513-E, 400, 84, 8, 68, 240, 240, 0, true, 0, 102
999-AYC393514-E, 3110, 2142, 125, 843, 814, 0, 814, true, 0, 120
999-AYC395004-E, 497, 84, 8, 161, 244, 244, 0, true, 0, 102
999-AYC395272-E, 380, 84, 8, 163, 125, 125, 0, true, 0, 102
999-AYC395532-E, 5650, 835, 220, 110, 4621, 4485, 136, true, 0, 152
999-AYC593502-E, 6050, 2342, 208, 22, 3478, 3478, 0, true, 0, 120
999-AYCB93501-E, 799, 760, 39, 0, 0, 0, 0, true, 0, 1240
999-AZC000011-E, 1110, 765, 0, 345, 0, 0, 0, true, 0, 1550
999-BEC000192-E, 298, 20, 2, 0, 276, 276, 0, true, 0, null
999-BJC000011-E, 220, 85, 10, 0, 125, 125, 0, true, 0, null
999-BUC000011-E, 400, 170, 0, 0, 230, 230, 0, true, 0, 1145
999-CBC000092-E, 500, 340, 22, 0, 138, 138, 0, true, 0, 1145
999-CLC000095-E, 400, 84, 0, 8, 308, 308, 0, true, 0, 1680
999-CLC000152-E, 300, 84, 0, 2, 214, 214, 0, true, 0, 1533
999-CLC000167-E, 250, 85, 0, 7, 158, 158, 0, true, 0, 102
999-CLC000173-E, 448, 170, 0, 40, 238, 238, 0, true, 0, 1578
999-CLC000243-E, 150, 85, 3, 0, 62, 62, 0, true, 0, null
999-CLC000278-E, 200, 20, 1, 0, 179, 179, 0, true, 0, null
001-PCCSY5R13-E, 222, 114, 0, 2, 106, 106, 0, true, 0, 173
102-PCC000013-E, 920, 861, 0, 0, 59, 59, 0, true, 0, 1577
115-PCC000011-E, 125, 114, 1, 0, 10, 10, 0, true, 0, 1344
130-PCC000021-E, 120, 84, 0, 1, 35, 35, 0, true, 0, 1628
140-PCC000004-E, 30, 20, 0, 0, 10, 10, 0, true, 0, null
140-PCC000009-E, 20, 20, 0, 0, 0, 0, 0, true, 0, null
404-PCC000004-E, 132, 85, 0, 0, 47, 47, 0, true, 0, 1339
998-BBC000006-E, 900, 861, 0, 13, 26, 26, 0, true, 0, 119
998-CIC000008-E, 30, 20, 0, 0, 10, 10, 0, true, 0, null
999-ABC000006-E, 22235, 9714, 0, 554, 11967, 11967, 0, true, 0, 1618
999-ACC000009-E, 10727, 2044, 164, 594, 7925, 7925, 0, true, 0, 1736
999-ACC000010-E, 20980, 7197, 305, 777, 12701, 12701, 0, true, 0, 102
999-ACC000029-E, 19474, 10612, 647, 1292, 8482, 6923, 1559, true, 0, 1946
999-ACC000035-E, 2922, 1108, 53, 281, 1908, 1480, 428, true, 0, 1559
999-ACC000050-E, 92014, 33430, 1451, 2964, 54169, 54169, 0, true, 0, 1563
999-ACC000060-E, 1257, 679, 35, 153, 390, 390, 0, true, 0, 1559
999-ACC000095-E, 1548, 1130, 55, 238, 125, 125, 0, true, 0, 292
999-ACC000134-E, 820, 740, 27, 0, 53, 53, 0, true, 0, null
999-ACC000170-E, 1009, 861, 5, 10, 133, 133, 0, true, 0, 157
999-ACC000174-E, 526, 110, 7, 9, 400, 400, 0, true, 0, 1580
999-ACC000204-E, 30, 20, 0, 0, 10, 10, 0, true, 0, null
999-ACC000390-E, 1098, 861, 47, 35, 155, 155, 0, true, 0, 142
999-ACC315502-E, 4470, 2036, 104, 233, 2097, 2097, 0, true, 0, 1632
999-ACC316026-E, 1700, 1008, 52, 41, 723, 599, 124, true, 0, 1611
999-ACC316501-E, 4248, 3353, 173, 404, 318, 318, 0, true, 0, 293
999-ACC316751-E, 3470, 3420, 50, 0, 0, 0, 0, true, 0, 1348
999-ACC326026-E, 600, 110, 8, 23, 459, 459, 0, true, 0, 1550
999-ADC000016-E, 870, 861, 0, 9, 0, 0, 0, true, 0, 142
999-ADC857001-E, 1650, 1520, 2, 0, 128, 128, 0, true, 0, 1223
999-ADC8XX001-E, 265, 85, 0, 7, 173, 173, 0, true, 0, 1808
999-AEC856751-E, 1197, 1140, 0, 57, 76, 0, 76, true, 0, 1578
999-AIC000009-E, 3300, 3210, 28, 42, 20, 20, 0, true, 0, 29
999-AIC000012-E, 1363, 1035, 56, 11, 261, 261, 0, true, 0, 283
999-AIC000019-E, 1830, 1412, 69, 349, 0, 0, 0, true, 0, 292
999-AIC000036-E, 910, 861, 0, 6, 43, 43, 0, true, 0, 142
999-AIC000080-E, 4613, 1481, 148, 2984, 2948, 0, 2948, true, 0, 292
999-AIC000107-E, 1122, 861, 52, 209, 243, 0, 243, true, 0, 161
999-AIC800005-E, 526, 380, 0, 0, 146, 146, 0, true, 0, 1447
999-AJC000002-E, 398, 380, 1, 0, 17, 17, 0, true, 0, 1239
999-AOC000016-E, 884, 861, 0, 2, 21, 21, 0, true, 0, 136
999-AOC000028-E, 1023, 1011, 0, 0, 12, 12, 0, true, 0, 119
999-ARC000004-E, 798, 760, 0, 0, 38, 38, 0, true, 0, 1210
999-AXC000044-E, 342, 168, 14, 20, 140, 140, 0, true, 0, 1550
999-AXCT00084-E, 900, 861, 37, 2, 35, 0, 35, true, 0, 152
999-AYC000037-E, 20598, 18188, 826, 78, 1506, 1506, 0, true, 0, 1628
999-AYC000061-E, 9240, 2260, 224, 196, 6885, 6560, 325, true, 0, 1553
999-AYC000138-E, 2110, 695, 704, 0, 711, 711, 0, true, 0, 1348
999-AYC000204-E, 21445, 10637, 773, 837, 9198, 9198, 0, true, 0, 1751
999-AYC000205-E, 131590, 31325, 1538, 310, 98417, 98417, 0, true, 0, 1553
999-AYC000206-E, 3510, 170, 20, 451, 2869, 2869, 0, true, 0, 1578
999-AYC000214-E, 14100, 6800, 304, 96, 6900, 6900, 0, true, 0, 1681
999-AYC000233-E, 400, 168, 8, 124, 100, 100, 0, true, 0, 1618
999-AYC000263-E, 1216, 220, 14, 116, 866, 866, 0, true, 0, 1533
999-AYC000316-E, 4300, 2583, 553, 0, 1164, 1164, 0, true, 0, 1147
999-AYC000331-E, 810, 110, 206, 180, 509, 314, 195, true, 0, 1453
999-AYC000340-E, 1248, 574, 26, 54, 594, 594, 0, true, 0, 1611
999-AYC000372-E, 600, 110, 8, 55, 427, 427, 0, true, 0, 1618
999-AYC000382-E, 1053, 220, 11, 78, 744, 744, 0, true, 0, 1550
999-AYC000392-E, 1120, 220, 10, 38, 852, 852, 0, true, 0, 1553
999-AYC000394-E, 910, 861, 37, 2, 45, 10, 35, true, 0, 152
999-AYC000611-E, 600, 110, 8, 83, 399, 399, 0, true, 0, 1533
999-AYC395507-E, 1590, 330, 138, 0, 1122, 1122, 0, true, 0, 1239
999-AYC395525-E, 1055, 220, 13, 33, 789, 789, 0, true, 0, 1550
999-AYC395529-E, 634, 160, 9, 283, 182, 182, 0, true, 0, 1577
999-AYC395531-E, 5530, 260, 22, 90, 5158, 5158, 0, true, 0, 1597
999-AYC395534-E, 2065, 1012, 48, 299, 706, 706, 0, true, 0, 1563
999-AYC395750-E, 2939, 1076, 90, 0, 1775, 1773, 2, true, 0, 1580
999-AZC000006-E, 13560, 4162, 0, 399, 8999, 8999, 0, true, 0, 1751
999-BBC000040-E, 1176, 1111, 0, 10, 55, 55, 0, true, 0, 292
999-BEC000089-E, 200, 84, 0, 1, 115, 115, 0, true, 0, 1523
999-BEC000122-E, 452, 85, 0, 4, 363, 363, 0, true, 0, 1578
999-BEC000166-E, 1270, 415, 0, 64, 791, 791, 0, true, 0, 102
999-BEC000287-E, 555, 110, 0, 10, 435, 435, 0, true, 0, 1740
999-BEC000289-E, 514, 110, 0, 236, 418, 168, 250, true, 0, 1740
999-BGC000057-E, 590, 130, 0, 43, 417, 417, 0, true, 0, 1751
999-BGC000092-E, 529, 110, 0, 4, 415, 415, 0, true, 0, 1751
999-BKC000021-E, 310, 168, 0, 11, 131, 131, 0, true, 0, 1740
999-BPC000038-E, 219, 170, 5, 0, 44, 44, 0, true, 0, 1147
999-BPC000052-E, 105, 85, 0, 1, 19, 19, 0, true, 0, 1628
999-BPC000083-E, 158, 84, 73, 0, 1, 1, 0, true, 0, null
999-BPC000110-E, 108, 20, 1, 0, 87, 87, 0, true, 0, null
999-BPC000111-E, 251, 110, 9, 0, 132, 132, 0, true, 0, 1147
999-BRC000047-E, 371, 110, 0, 0, 261, 261, 0, true, 0, 1223
999-BUC000001-E, 1040, 223, 0, 10, 807, 807, 0, true, 0, 1558
999-BVC000094-E, 2358, 138, 0, 37, 2183, 2183, 0, true, 0, 69
999-BVC000096-E, 930, 110, 0, 2, 818, 818, 0, true, 0, 19
999-BVC000169-E, 774, 110, 0, 16, 648, 648, 0, true, 0, 19
999-CAC000013-E, 460, 288, 0, 9, 163, 163, 0, true, 0, 1610
999-CAC000054-E, 2450, 531, 0, 442, 1477, 1477, 0, true, 0, 1751
999-CAC000234-E, 200, 84, 0, 4, 112, 112, 0, true, 0, 1558
999-CAC000276-E, 222, 169, 0, 3, 50, 50, 0, true, 0, 1522
999-CAC000278-E, 376, 168, 0, 2, 206, 206, 0, true, 0, 1610
999-CAC000279-E, 193, 84, 0, 1, 108, 108, 0, true, 0, 1558
999-CAC000323-E, 1884, 1129, 0, 755, 789, 0, 789, true, 0, 161
999-CAC000336-E, 150, 84, 0, 1, 65, 65, 0, true, 0, 1501
999-CAC000366-E, 540, 110, 0, 0, 430, 430, 0, true, 0, 1238
999-CAC000378-E, 142, 85, 0, 0, 57, 57, 0, true, 0, 1339
999-CAC000384-E, 162, 85, 0, 2, 75, 75, 0, true, 0, 1618
999-CAC000419-E, 130, 85, 0, 0, 45, 45, 0, true, 0, null
999-CAC000580-E, 115, 20, 0, 0, 95, 95, 0, true, 0, null
999-CAC000684-E, 1472, 440, 0, 0, 1032, 1032, 0, true, 0, 1240
999-CAC000905-E, 50, 40, 0, 0, 10, 10, 0, true, 0, null
999-CAC000909-E, 32, 20, 1, 0, 11, 11, 0, true, 0, null
999-CAC000958-E, 39, 20, 0, 0, 19, 19, 0, true, 0, null
999-CAC000992-E, 150, 20, 1, 0, 129, 129, 0, true, 0, null
999-CBC000029-E, 594, 110, 0, 113, 371, 371, 0, true, 0, 1550
999-CJC000001-E, 564, 194, 0, 105, 265, 265, 0, true, 0, 19
999-CKC000019-E, 518, 380, 0, 0, 138, 138, 0, true, 0, 1522
999-CKC000062-E, 30, 20, 0, 0, 10, 10, 0, true, 0, null
999-CLC000023-E, 489, 169, 0, 320, 310, 0, 310, true, 0, 1680
999-CLC000089-E, 1932, 1426, 0, 29, 477, 477, 0, true, 0, 1736
999-CLC000128-E, 530, 110, 0, 10, 410, 410, 0, true, 0, 1751
999-CLC000141-E, 790, 110, 0, 46, 634, 634, 0, true, 0, 19
999-CLC000162-E, 542, 110, 0, 21, 411, 411, 0, true, 0, 1751
999-CLC000164-E, 349, 170, 1, 0, 178, 178, 0, true, 0, 1347
999-CLC000216-E, 358, 255, 0, 7, 96, 96, 0, true, 0, 1491
999-CLC000259-E, 150, 20, 5, 0, 125, 125, 0, true, 0, null
999-CLC000554-E, 930, 861, 0, 27, 42, 42, 0, true, 0, 136
999-CMC000137-E, 840, 110, 1, 0, 729, 729, 0, true, 0, null
999-CMCT00054-E, 250, 20, 5, 0, 225, 225, 0, true, 0, null
999-ABC000002-E, 2440, 972, 0, 189, 1279, 1279, 0, true, 0, 102
999-ACC000012-E, 5636, 3226, 177, 154, 2079, 2079, 0, true, 0, 142
999-ACC000070-E, 13300, 3945, 230, 276, 8849, 8849, 0, true, 0, 1736
999-ACC000071-E, 855, 595, 27, 67, 166, 166, 0, true, 0, 1618
999-ACC000073-E, 6970, 3336, 262, 0, 3372, 3372, 0, true, 0, 1578
999-ACC556750-E, 1144, 640, 46, 194, 264, 264, 0, true, 0, 1577
999-ADCD87752-E, 7528, 1376, 0, 30, 6122, 6122, 0, true, 0, 119
999-AHC000005-E, 3950, 3327, 0, 87, 536, 536, 0, true, 0, 1736
999-AHC000006-E, 649, 313, 0, 4, 332, 332, 0, true, 0, 1580
999-AIC000011-E, 961, 680, 34, 21, 226, 226, 0, true, 0, 142
999-AIC000032-E, 12690, 12294, 128, 57, 211, 211, 0, true, 0, 142
999-AIC000077-E, 5478, 1645, 92, 912, 2829, 2829, 0, true, 0, 1618
999-AYC000023-E, 7180, 1510, 238, 3766, 1666, 1666, 0, true, 0, 1751
999-AYC000050-E, 9353, 1193, 161, 518, 7481, 7481, 0, true, 0, 102
999-AYC000200-E, 33373, 11810, 544, 488, 20531, 20531, 0, true, 0, 1553
999-AYC000203-E, 4674, 1240, 183, 369, 2882, 2882, 0, true, 0, 102
999-AYC000209-E, 4307, 510, 174, 398, 3225, 3225, 0, true, 0, 1578
999-AYC000210-E, 18395, 4385, 228, 2321, 16061, 11461, 4600, true, 0, 1578
999-AYC000216-E, 51115, 17530, 1910, 432, 31243, 31243, 0, true, 0, 1579
999-AYC395253-E, 10845, 9837, 456, 116, 634, 436, 198, true, 0, 152
999-AYC395514-E, 4147, 2211, 129, 471, 1336, 1336, 0, true, 0, 32
999-AZC000001-E, 7819, 1826, 0, 638, 5355, 5355, 0, true, 0, 1946
999-AZC000009-E, 4880, 3825, 0, 271, 784, 784, 0, true, 0, 1751
999-BEC000143-E, 120, 85, 2, 0, 33, 33, 0, true, 0, null
999-BEC000155-E, 1910, 248, 0, 4, 1658, 1658, 0, true, 0, 1762
999-BEC000220-E, 184, 85, 2, 0, 97, 97, 0, true, 0, null
999-BEC000292-E, 95, 85, 0, 3, 7, 7, 0, true, 0, 1558
999-BPC000026-E, 420, 254, 0, 2, 164, 164, 0, true, 0, 1578
999-BVC000083-E, 150, 85, 1, 0, 64, 64, 0, true, 0, null
999-CAC000053-E, 928, 228, 0, 11, 689, 689, 0, true, 0, 22
999-CAC000105-E, 794, 690, 0, 1, 103, 103, 0, true, 0, 34
999-CAC000121-E, 974, 940, 0, 3, 31, 31, 0, true, 0, 293
999-CAC000173-E, 970, 299, 0, 12, 758, 659, 99, true, 0, 1559
999-CAC000189-E, 169, 84, 0, 62, 23, 23, 0, true, 0, 1736
999-CAC000193-E, 5612, 2988, 0, 1424, 2613, 1200, 1413, true, 0, 152
999-CAC000228-E, 212, 114, 0, 3, 95, 95, 0, true, 0, 34
999-CAC000343-E, 495, 228, 16, 0, 251, 251, 0, true, 0, 1339
999-CAC000383-E, 300, 85, 1, 0, 214, 214, 0, true, 0, 1150
999-CKC000021-E, 1600, 999, 0, 2, 599, 599, 0, true, 0, 1740
999-CKC000022-E, 245, 170, 0, 0, 75, 75, 0, true, 0, 1347
999-CLC000114-E, 1627, 857, 0, 18, 752, 752, 0, true, 0, 1550
999-ABC000010-E, 8716, 3111, 0, 198, 5407, 5407, 0, true, 0, 1628
999-ACC000046-E, 940, 283, 16, 401, 240, 240, 0, true, 0, 102
999-ACC000048-E, 8147, 3053, 240, 282, 4572, 4572, 0, true, 0, 1647
999-ACC000059-E, 500, 85, 415, 0, 0, 0, 0, true, 0, null
999-ACC316028-E, 8475, 3433, 334, 75, 4633, 4633, 0, true, 0, 102
999-AYC000090-E, 7754, 1941, 97, 4734, 982, 982, 0, true, 0, 102
999-AYC593501-E, 1450, 773, 60, 617, 666, 0, 666, true, 0, 1647
999-AZC000010-E, 3688, 2550, 0, 303, 835, 835, 0, true, 0, 1618
999-BEC000029-E, 2637, 1767, 0, 870, 937, 0, 937, true, 0, 1735
999-BEC000120-E, 285, 170, 22, 0, 93, 93, 0, true, 0, 1162
999-BEC000205-E, 122, 85, 0, 0, 37, 37, 0, true, 0, 1412
999-BEC000235-E, 211, 85, 0, 0, 126, 126, 0, true, 0, 1155
999-BGC000093-E, 295, 170, 0, 25, 100, 100, 0, true, 0, 1611
999-BPC000053-E, 260, 170, 0, 3, 87, 87, 0, true, 0, 1491
999-BVC000036-E, 839, 279, 0, 5, 555, 555, 0, true, 0, 1553
999-BVC000080-E, 388, 170, 0, 0, 218, 218, 0, true, 0, 1162
999-BVC000086-E, 191, 85, 0, 2, 104, 104, 0, true, 0, 1751
999-BVC000088-E, 160, 85, 0, 6, 69, 69, 0, true, 0, 1657
999-CAC000058-E, 305, 169, 0, 4, 132, 132, 0, true, 0, 1501
999-CAC000059-E, 580, 338, 0, 6, 236, 236, 0, true, 0, 1751
999-CAC000658-E, 137, 85, 0, 0, 52, 52, 0, true, 0, 1412
999-CJC000020-E, 275, 85, 0, 0, 190, 190, 0, true, 0, 1155
999-CLC000077-E, 950, 279, 0, 23, 648, 648, 0, true, 0, 1533
999-CLC000085-E, 1390, 203, 0, 133, 1054, 1054, 0, true, 0, 1680
999-CLC000096-E, 800, 338, 0, 201, 261, 261, 0, true, 0, 1522
999-CLC000246-E, 150, 85, 65, 0, 0, 0, 0, true, 0, null
999-CMC000030-E, 296, 169, 0, 34, 93, 93, 0, true, 0, 1578
998-CPC000160-M, 1647, 1644, 0, 0, 3, 3, 0, true, 0, 161
998-CPC000596-M, 1349, 1334, 0, 0, 15, 15, 0, true, 0, 161
998-CPC000597-M, 1347, 1334, 0, 5, 8, 8, 0, true, 0, 173
998-CPC000598-M, 475, 475, 0, 0, 0, 0, 0, true, 0, 1227
999-BEC000116-E, 200, 85, 0, 1, 114, 114, 0, true, 0, 1751
999-BEC000119-E, 154, 85, 0, 0, 69, 69, 0, true, 0, null
999-BEC000322-E, 236, 85, 151, 0, 0, 0, 0, true, 0, null
999-BPC000019-E, 899, 338, 0, 16, 545, 545, 0, true, 0, 102
999-BPC000077-E, 444, 279, 0, 29, 136, 136, 0, true, 0, 1657
999-BRC000016-E, 361, 169, 0, 3, 189, 189, 0, true, 0, 102
999-BTC000024-E, 197, 169, 0, 0, 28, 28, 0, true, 0, 1356
130-CCA000020-M, 87, 85, 0, 0, 2, 2, 0, true, 0, 1342
130-CDC000115-M, 172, 170, 0, 0, 2, 2, 0, true, 0, 1337
130-CGC000120-M, 90, 85, 0, 0, 5, 5, 0, true, 0, 1337
130-CGC000154-M, 89, 85, 0, 4, 0, 0, 0, true, 0, 1907
998-CPC000169-M, 85, 85, 0, 0, 0, 0, 0, true, 0, null
998-CPC000619-M, 85, 85, 0, 0, 0, 0, 0, true, 0, 1769
999-BEC000117-E, 120, 85, 13, 0, 22, 22, 0, true, 0, 1169
999-BEC000144-E, 289, 169, 0, 6, 114, 114, 0, true, 0, 1751
999-BPC000037-E, 173, 85, 0, 1, 87, 87, 0, true, 0, 1610
999-CECSCX009-M, 484, 420, 0, 24, 74, 40, 34, true, 0, 1907
999-CECSPP025-M, 175, 170, 0, 0, 5, 5, 0, true, 0, 1337
999-CECSPP070-M, 350, 340, 0, 0, 10, 10, 0, true, 0, 1337
999-CECSPX009-M, 880, 816, 0, 4, 60, 60, 0, true, 0, 22
999-CECSPX054-M, 1040, 1020, 0, 0, 20, 20, 0, true, 0, 1337
999-ACC000003-E, 2429, 2024, 96, 240, 319, 69, 250, true, 0, 1553
999-ACC000034-E, 930, 861, 0, 4, 65, 65, 0, true, 0, 119
999-ACC000044-E, 968, 861, 42, 65, 103, 0, 103, true, 0, 161
999-ACC000045-E, 1050, 220, 18, 30, 782, 782, 0, true, 0, 1550
999-ACC000062-E, 456, 230, 14, 32, 180, 180, 0, true, 0, 142
999-ACC000074-E, 4382, 4194, 154, 34, 175, 0, 175, true, 0, 142
999-ACC000122-E, 387, 60, 14, 0, 313, 313, 0, true, 0, 1199
999-ACC000128-E, 1480, 220, 10, 11, 1239, 1239, 0, true, 0, 1736
999-ACC000172-E, 4428, 4294, 0, 0, 134, 134, 0, true, 0, 1867
999-ACC316253-E, 400, 114, 8, 117, 161, 161, 0, true, 0, 1550
999-ACC8D7501-E, 1557, 1520, 0, 4, 33, 33, 0, true, 0, 1558
999-ACCH27001-E, 510, 252, 22, 236, 242, 0, 242, true, 0, 1550
999-ADC000009-E, 2179, 1284, 0, 895, 887, 0, 887, true, 0, 157
999-ADC000013-E, 1030, 1011, 0, 4, 15, 15, 0, true, 0, 119
999-ADC837752-E, 854, 760, 82, 0, 147, 12, 135, true, 0, 1210
999-AGC844501-E, 400, 380, 10, 0, 10, 10, 0, true, 0, 1223
999-AIC000002-E, 1200, 1140, 60, 0, 0, 0, 0, true, 0, 1227
999-AIC000079-E, 250, 228, 3, 0, 19, 19, 0, true, 0, 1199
999-AJC000004-E, 400, 380, 1, 0, 19, 19, 0, true, 0, 1239
999-AJC000030-E, 1015, 1011, 0, 4, 0, 0, 0, true, 0, 142
999-AOC000003-E, 100, 20, 1, 0, 79, 79, 0, true, 0, null
999-AOC000038-E, 899, 861, 0, 7, 31, 31, 0, true, 0, 119
999-ARC000011-E, 910, 252, 0, 16, 642, 642, 0, true, 0, 1530
999-AXC000004-E, 5316, 3143, 156, 2017, 2161, 0, 2161, true, 0, 152
999-AXC000011-E, 1200, 383, 22, 16, 779, 779, 0, true, 0, 1751
999-AXC000085-E, 1793, 1722, 3, 11, 57, 57, 0, true, 0, 161
999-AXC800003-E, 433, 380, 4, 0, 49, 49, 0, true, 0, 1243
999-AYC000012-E, 6715, 1847, 282, 94, 4492, 4492, 0, true, 0, 1597
999-AYC000019-E, 5541, 348, 19, 143, 5031, 5031, 0, true, 0, 1597
999-AYC000068-E, 1400, 1200, 59, 141, 0, 0, 0, true, 0, 33
999-AYC000152-E, 500, 114, 8, 103, 275, 275, 0, true, 0, 31
999-AYC000349-E, 1051, 220, 10, 149, 672, 672, 0, true, 0, 1533
999-AYC393501-E, 8087, 1783, 114, 359, 5831, 5831, 0, true, 0, 102
999-AYC393515-E, 6037, 2782, 222, 151, 2882, 2882, 0, true, 0, 152
999-AYC395007-E, 6500, 4064, 234, 170, 2032, 2032, 0, true, 0, 120
999-AYC395265-E, 5040, 1080, 139, 318, 3503, 3503, 0, true, 0, 102
999-AYC395267-E, 838, 198, 34, 58, 548, 548, 0, true, 0, 1522
999-AYC825502-E, 396, 380, 0, 1, 15, 15, 0, true, 0, 1553
999-BAA000005-E, 1005, 911, 0, 11, 83, 83, 0, true, 0, 120
999-BCC000004-E, 13718, 9420, 0, 16, 4282, 4282, 0, true, 0, 1740
999-BEC000177-E, 2001, 1148, 2, 0, 851, 851, 0, true, 0, 1210
999-BEC000259-E, 1042, 574, 0, 3, 465, 465, 0, true, 0, 1762
999-BGC000053-E, 173, 84, 0, 4, 85, 85, 0, true, 0, 1740
999-BKC000016-E, 250, 114, 0, 10, 126, 126, 0, true, 0, 1740
999-BPC000114-E, 3530, 1100, 0, 57, 2373, 2373, 0, true, 0, 1740
999-BPC000117-E, 317, 168, 0, 11, 138, 138, 0, true, 0, 1762
999-BVC000007-E, 989, 574, 0, 2, 413, 413, 0, true, 0, 1751
999-BVC000046-E, 1385, 982, 0, 25, 378, 378, 0, true, 0, 1647
999-CAC000008-E, 1949, 798, 0, 10, 1141, 1141, 0, true, 0, 1530
999-CAC000153-E, 1932, 1880, 0, 52, 723, 0, 723, true, 0, 22
999-CAC000294-E, 130, 120, 2, 0, 8, 8, 0, true, 0, null
999-CAC000302-E, 30, 20, 1, 0, 9, 9, 0, true, 0, null
999-CAC000338-E, 30, 20, 0, 0, 10, 10, 0, true, 0, null
999-CAC000487-E, 870, 861, 0, 1, 8, 8, 0, true, 0, 161
999-CAC000659-E, 1583, 684, 0, 4, 895, 895, 0, true, 0, 1740
999-CAC000670-E, 70, 60, 0, 0, 10, 10, 0, true, 0, null
999-CAC000683-E, 450, 110, 0, 18, 342, 322, 20, true, 0, 1523
999-CAC000833-E, 124, 80, 0, 0, 44, 44, 0, true, 0, null
999-CAC000904-E, 64, 40, 0, 0, 24, 24, 0, true, 0, null
999-CBC000010-E, 1459, 974, 0, 463, 637, 22, 615, true, 0, 1736
999-CBC000071-E, 50, 40, 0, 0, 10, 10, 0, true, 0, null
999-CJC000012-E, 200, 84, 0, 2, 114, 114, 0, true, 0, 1522
999-CJC000014-E, 1296, 1241, 0, 0, 55, 55, 0, true, 0, 1577
999-CJC000024-E, 31, 20, 0, 0, 11, 11, 0, true, 0, null
999-CKC000023-E, 978, 574, 0, 0, 404, 404, 0, true, 0, 1628
999-CKC000053-E, 40, 20, 0, 0, 20, 20, 0, true, 0, null
999-CLC000002-E, 3510, 1332, 0, 123, 2055, 2055, 0, true, 0, 1799
999-CLC000024-E, 400, 380, 1, 0, 19, 19, 0, true, 0, 1199
999-CLC000035-E, 1733, 1641, 0, 41, 51, 51, 0, true, 0, 1597
999-CLC000051-E, 305, 114, 13, 0, 178, 178, 0, true, 0, 1351
999-CLC000073-E, 3800, 2297, 0, 28, 1475, 1475, 0, true, 0, 161
999-CLC000076-E, 1510, 388, 0, 40, 1082, 1082, 0, true, 0, 19
999-CMC000026-E, 160, 114, 12, 0, 34, 34, 0, true, 0, 1210
999-CMCT00050-E, 800, 574, 1, 0, 225, 225, 0, true, 0, 1240
001-PCC000060-E, 32, 20, 0, 0, 12, 12, 0, true, 0, null
999-ABC000005-E, 4950, 1048, 0, 347, 3555, 3555, 0, true, 0, 1735
999-ACC000008-E, 3550, 2922, 144, 484, 520, 0, 520, true, 0, 1611
999-ACC000016-E, 24384, 456, 20, 13910, 31571, 9998, 21573, true, 0, 32
999-ACC000022-E, 4020, 2889, 166, 280, 685, 685, 0, true, 0, 1736
999-ACC000026-E, 8784, 2481, 110, 417, 5776, 5776, 0, true, 0, 1751
999-ACC000039-E, 1721, 1411, 61, 224, 25, 25, 0, true, 0, 283
999-ACC000103-E, 1362, 954, 57, 138, 213, 213, 0, true, 0, 1578
999-ACC000106-E, 4568, 1080, 48, 245, 3195, 3195, 0, true, 0, 1735
999-ACC000187-E, 13075, 1650, 73, 985, 11362, 10367, 995, true, 0, 1762
999-ACC315001-E, 4883, 1204, 185, 92, 3728, 3402, 326, true, 0, 1550
999-ACC315501-E, 1165, 750, 32, 110, 273, 273, 0, true, 0, 293
999-ACC316505-E, 400, 114, 8, 13, 265, 265, 0, true, 0, 33
999-ACC326503-E, 5917, 2164, 94, 290, 4143, 3369, 774, true, 0, 102
999-ADCD87751-E, 21116, 10778, 0, 561, 9777, 9777, 0, true, 0, 173
999-AIC000023-E, 5384, 1068, 66, 13, 4237, 4237, 0, true, 0, 30
999-AIC000042-E, 2310, 1344, 70, 16, 880, 880, 0, true, 0, 1736
999-AIC000073-E, 659, 110, 6, 4, 539, 539, 0, true, 0, 1735
999-AJC000017-E, 1154, 338, 0, 54, 762, 762, 0, true, 0, 1611
999-AYC000010-E, 2290, 220, 10, 349, 1711, 1711, 0, true, 0, 1563
999-AYC395263-E, 2755, 1188, 73, 141, 1353, 1353, 0, true, 0, 1578
999-AYC395266-E, 2103, 276, 23, 105, 1699, 1699, 0, true, 0, 1478
999-AYC395273-E, 1400, 178, 35, 0, 1187, 1187, 0, true, 0, 1202
999-AYC395276-E, 500, 114, 8, 34, 344, 344, 0, true, 0, 33
999-AYC395288-E, 45875, 6444, 777, 4916, 38738, 33738, 5000, true, 0, 1751
999-AYC395502-E, 47198, 29070, 1624, 2415, 14089, 14089, 0, true, 0, 152
999-AYC395503-E, 5883, 330, 31, 299, 5223, 5223, 0, true, 0, 1628
999-AYC395520-E, 3670, 904, 55, 84, 2627, 2627, 0, true, 0, 1611
999-AYC395522-E, 2297, 1492, 87, 233, 485, 485, 0, true, 0, 1577
999-AYC395528-E, 5459, 4306, 209, 210, 2055, 734, 1321, true, 0, 292
999-AYC395536-E, 400, 248, 17, 81, 54, 54, 0, true, 0, 1618
999-AYCB93502-E, 2600, 2280, 96, 134, 90, 90, 0, true, 0, 30
999-AYCB93504-E, 3820, 3090, 171, 378, 181, 181, 0, true, 0, 292
999-AYCF15001-E, 1500, 1033, 62, 214, 191, 191, 0, true, 0, 32
999-AZC000005-E, 4120, 2016, 0, 1009, 1095, 1095, 0, true, 0, 1578
999-AZC000008-E, 1840, 1428, 0, 122, 290, 290, 0, true, 0, 1577
999-BBC000091-E, 150, 120, 12, 0, 18, 18, 0, true, 0, null
999-BEC000026-E, 295, 84, 0, 12, 199, 199, 0, true, 0, 1632
999-BEC000080-E, 176, 84, 0, 2, 90, 90, 0, true, 0, 1594
999-BEC000093-E, 410, 84, 0, 2, 324, 324, 0, true, 0, 1579
999-BEC000107-E, 168, 84, 0, 6, 78, 78, 0, true, 0, 1610
999-BEC000302-E, 109, 20, 6, 0, 83, 83, 0, true, 0, null
999-BKC000008-E, 150, 114, 1, 0, 35, 35, 0, true, 0, null
999-BKC000014-E, 248, 114, 0, 2, 132, 132, 0, true, 0, 29
999-BVC000002-E, 1010, 574, 0, 2, 434, 434, 0, true, 0, 1618
999-CAC000161-E, 990, 574, 1, 0, 415, 415, 0, true, 0, 1280
999-CAC000192-E, 5362, 2648, 0, 1282, 2712, 1432, 1280, true, 0, 152
999-CAC000286-E, 1199, 220, 0, 14, 965, 965, 0, true, 0, 1523
999-CAC000352-E, 544, 130, 0, 0, 414, 414, 0, true, 0, 1610
999-CAC000556-E, 1980, 1168, 0, 2, 810, 810, 0, true, 0, 1878
999-CAC000814-E, 100, 40, 2, 0, 58, 58, 0, true, 0, 1202
999-CAC000815-E, 105, 40, 1, 0, 64, 64, 0, true, 0, 1202
999-CLC000014-E, 1150, 574, 0, 1, 575, 575, 0, true, 0, 1629
999-CLC000177-E, 747, 362, 0, 55, 330, 330, 0, true, 0, 1833
999-CLC000180-E, 3636, 880, 0, 199, 2557, 2557, 0, true, 0, 19
999-CLC000250-E, 150, 20, 130, 0, 0, 0, 0, true, 0, null
999-CMC000027-E, 468, 198, 8, 0, 262, 262, 0, true, 0, 1202
999-ACC000081-E, 64449, 36736, 1569, 2744, 26741, 23400, 3341, true, 0, 1736
999-ACC000092-E, 8803, 2060, 354, 129, 6413, 6260, 153, true, 0, 1597
999-ACC000189-E, 10637, 1980, 99, 263, 8295, 8295, 0, true, 0, 1736
999-ACC318501-E, 14571, 6872, 540, 62, 7544, 7097, 447, true, 0, 1578
999-AXC000020-E, 985, 574, 25, 36, 391, 350, 41, true, 0, 1751
999-AXC000045-E, 400, 194, 16, 12, 178, 178, 0, true, 0, 30
999-AYC000011-E, 400, 20, 8, 52, 320, 320, 0, true, 0, 1577
999-AYC000052-E, 937, 224, 17, 83, 613, 613, 0, true, 0, 1553
999-AYC000117-E, 200, 159, 41, 0, 0, 0, 0, true, 0, null
999-AYC000120-E, 1945, 1239, 72, 152, 670, 482, 188, true, 0, 33
999-AYC000127-E, 7425, 1468, 159, 157, 5641, 5641, 0, true, 0, 1578
999-AYC000133-E, 700, 228, 17, 6, 449, 449, 0, true, 0, 30
999-AYC000136-E, 13750, 12686, 8, 97, 959, 959, 0, true, 0, 152
999-AYC000139-E, 3250, 2138, 114, 59, 1127, 939, 188, true, 0, 29
999-AYC000251-E, 2030, 1188, 84, 580, 943, 178, 765, true, 0, 1579
999-AYC000266-E, 1080, 240, 11, 84, 745, 745, 0, true, 0, 1577
999-AYC000360-E, 1198, 574, 25, 58, 541, 541, 0, true, 0, 1611
999-AYC000373-E, 1610, 704, 37, 95, 774, 774, 0, true, 0, 1618
999-AYC393001-E, 16080, 2768, 657, 1779, 13234, 10876, 2358, true, 0, 1597
999-AYC395002-E, 714, 532, 29, 153, 3094, 0, 3094, true, 0, 1618
999-AYC395250-E, 1500, 159, 8, 209, 1124, 1124, 0, true, 0, 1553
999-AYC395254-E, 11910, 2456, 200, 681, 8573, 8573, 0, true, 0, 1550
999-AYC395261-E, 9133, 4544, 21, 356, 4737, 4212, 525, true, 0, 1751
999-AYC395262-E, 2411, 1302, 63, 134, 912, 912, 0, true, 0, 1751
999-AYC395500-E, 95868, 35430, 1803, 4412, 59477, 54223, 5254, true, 0, 152
999-AYC595265-E, 5936, 1997, 218, 63, 3658, 3658, 0, true, 0, 283
999-AYC855502-E, 782, 760, 3, 0, 19, 19, 0, true, 0, 1238
999-BEC000075-E, 220, 84, 0, 3, 133, 133, 0, true, 0, 1611
999-BEC000147-E, 258, 228, 0, 16, 14, 14, 0, true, 0, 120
999-BEC000152-E, 922, 178, 0, 5, 739, 739, 0, true, 0, 1946
999-BGC000052-E, 213, 84, 0, 9, 120, 120, 0, true, 0, 1523
999-BGC000099-E, 360, 110, 0, 0, 250, 250, 0, true, 0, 1243
999-BPC000041-E, 550, 0, 0, 0, 550, 550, 0, true, 0, 1203
999-BRC000055-E, 20, 20, 0, 0, 0, 0, 0, true, 0, null
999-BVC000108-E, 250, 84, 0, 1, 165, 165, 0, true, 0, 1533
999-CBC000028-E, 820, 308, 0, 265, 247, 247, 0, true, 0, 1740
999-CLC000001-E, 9275, 2818, 0, 133, 6324, 6324, 0, true, 0, 1563
999-CLC000018-E, 490, 198, 0, 0, 292, 292, 0, true, 0, 1203
999-CLC000059-E, 301, 84, 0, 11, 206, 206, 0, true, 0, 1618
999-CLC000084-E, 2209, 1910, 0, 82, 217, 217, 0, true, 0, 152
999-CLC000086-E, 242, 114, 0, 38, 135, 90, 45, true, 0, 28
999-CLC000134-E, 400, 114, 0, 1, 285, 285, 0, true, 0, 33
999-CLC000139-E, 71, 20, 51, 0, 0, 0, 0, true, 0, null
999-CLC000144-E, 215, 114, 0, 1, 100, 100, 0, true, 0, 157
999-CLC000253-E, 60, 20, 0, 0, 40, 40, 0, true, 0, null
999-CLC000377-E, 168, 20, 10, 0, 138, 138, 0, true, 0, null
115-PCC000006-E, 48, 45, 0, 0, 3, 3, 0, true, 0, 1210
999-ACC000031-E, 1425, 861, 44, 67, 453, 453, 0, true, 0, 120
999-ACC000191-E, 540, 110, 11, 27, 392, 392, 0, true, 0, 1736
999-ACC316506-E, 345, 90, 5, 23, 227, 227, 0, true, 0, 1577
999-ACC338501-E, 56119, 7533, 537, 1028, 48259, 47021, 1238, true, 0, 119
999-ALC000003-E, 50, 45, 2, 0, 3, 3, 0, true, 0, null
999-AOC000036-E, 1057, 1011, 0, 2, 44, 44, 0, true, 0, 142
999-AXC000079-E, 2234, 2022, 92, 120, 201, 0, 201, true, 0, 161
999-AYC000042-E, 200, 45, 0, 155, 0, 0, 0, true, 0, 1210
999-AYC000135-E, 403, 180, 23, 0, 200, 200, 0, true, 0, null
999-AYC395293-E, 1000, 170, 8, 137, 685, 685, 0, true, 0, 1578
999-AYC595502-E, 147, 45, 7, 0, 95, 95, 0, true, 0, null
999-AZC000004-E, 40039, 13012, 0, 2263, 24764, 24764, 0, true, 0, 69
999-BGC000035-E, 285, 84, 0, 8, 193, 193, 0, true, 0, 1680
999-CAC000021-E, 856, 655, 0, 7, 194, 194, 0, true, 0, 34
999-CAC000369-E, 48, 45, 0, 0, 3, 3, 0, true, 0, null
999-CLC000013-E, 1128, 213, 0, 40, 875, 875, 0, true, 0, 1495
999-CLC000053-E, 250, 45, 0, 13, 192, 192, 0, true, 0, 1529
999-CLC000123-E, 149, 45, 6, 0, 98, 98, 0, true, 0, null
102-CDC000015-M, 60, 47, 0, 13, 0, 0, 0, true, 50, 1211
110-CCA000011-M, 116, 114, 0, 1, 1, 1, 0, true, 0, 22
110-CDA000003-M, 48, 45, 0, 0, 3, 3, 0, true, 0, 1436
110-CGC000006-M, 50, 45, 0, 0, 5, 5, 0, true, 0, 1211
110-CGC000036-M, 118, 114, 0, 0, 4, 4, 0, true, 0, 1337
201-CCA000017-M, 85, 84, 0, 0, 1, 1, 0, true, 0, null
998-BZA000189-X, 280, 270, 1, 0, 9, 9, 0, true, 0, 1211
998-BZA000358-X, 231, 135, 0, 0, 96, 96, 0, true, 0, 1351
998-CPC000159-M, 220, 184, 0, 36, 0, 0, 0, true, 0, 161
999-BZC000042-X, 2060, 600, 0, 360, 1100, 1100, 0, true, 0, 283
999-CECNSS001-M, 790, 396, 0, 2, 392, 392, 0, true, 0, 22
999-CECSMX012-M, 640, 540, 3, 0, 97, 97, 0, true, 0, 1211
999-CECSMX013-M, 296, 228, 0, 0, 68, 68, 0, true, 0, 1211
999-CECSMX015-M, 8108, 6019, 0, 1295, 794, 794, 0, true, 48, 293
999-CECSMX016-M, 2374, 2361, 0, 0, 133, 13, 120, true, 0, 1907
999-CECSPP010-M, 430, 336, 0, 54, 100, 40, 60, true, 0, 22
999-CECSPP011-M, 110, 84, 0, 26, 27, 0, 27, true, 0, 22
999-CECSPX007-M, 4919, 3516, 0, 1403, 1379, 0, 1379, true, 0, 40
999-CFC000020-M, 105, 84, 0, 2, 19, 19, 0, true, 0, 31
999-CFC000021-M, 990, 986, 0, 4, 0, 0, 0, true, 0, 293
999-CFC000022-M, 1131, 1126, 0, 5, 0, 0, 0, true, 0, 161
999-CGC000049-M, 250, 84, 0, 1, 165, 165, 0, true, 0, 1907
998-BBC000004-E, 312, 250, 0, 0, 62, 62, 0, true, 0, 1419
999-ACC000018-E, 609, 375, 41, 0, 193, 193, 0, true, 0, 1214
999-ACC000021-E, 351, 250, 41, 0, 60, 60, 0, true, 0, null
999-ACC000037-E, 1699, 1425, 61, 89, 124, 124, 0, true, 0, 283
999-ACC000041-E, 620, 500, 102, 0, 18, 18, 0, true, 0, 1345
999-ACC000075-E, 400, 250, 16, 105, 29, 29, 0, true, 0, 1553
115-PCC000009-E, 132, 125, 1, 0, 6, 6, 0, true, 0, 1647
998-CPC000011-M, 612, 310, 0, 257, 45, 45, 0, true, 0, 293
998-CPC000086-M, 325, 323, 0, 1, 1, 1, 0, true, 0, 1907
998-CPC000217-M, 125, 125, 0, 0, 0, 0, 0, true, 0, null
998-CPC000668-M, 885, 684, 0, 5, 196, 196, 0, true, 0, 1938
998-CPC000673-M, 890, 684, 0, 20, 186, 186, 0, true, 0, 1938
110-CCA000006-M, 160, 125, 18, 0, 17, 17, 0, true, 0, null
110-CGC000037-M, 127, 125, 0, 0, 2, 2, 0, true, 0, 1337
141-CCA000003-M, 625, 574, 0, 0, 51, 51, 0, true, 0, 1221
141-CCA000015-M, 256, 110, 0, 1, 145, 145, 0, true, 0, 1946
141-CGC000003-M, 625, 574, 0, 11, 53, 40, 13, true, 0, 1907
141-CGC000021-M, 256, 110, 0, 16, 150, 130, 20, true, 0, 1946
141-CGC000022-M, 256, 110, 0, 0, 146, 146, 0, true, 0, null
203-CDA000002-M, 380, 380, 0, 0, 0, 0, 0, true, 0, 1907
203-CDA000003-M, 380, 380, 0, 0, 0, 0, 0, true, 0, 1907
203-CDA000004-M, 380, 380, 0, 0, 0, 0, 0, true, 0, 1907
203-CGC000003-M, 380, 380, 0, 0, 0, 0, 0, true, 0, 1907
998-BZA000645-X, 259, 250, 0, 0, 9, 9, 0, true, 0, 1769
998-CDC000017-M, 1756, 1368, 0, 0, 388, 388, 0, true, 0, 1351
998-CFC000024-M, 431, 375, 0, 56, 99, 0, 99, true, 0, 293
999-CECSCX006-M, 1840, 1368, 0, 107, 523, 365, 158, true, 0, 1907
999-CECSPP016-M, 260, 250, 0, 0, 10, 10, 0, true, 0, null
999-CECSPX049-M, 594, 500, 0, 94, 0, 0, 0, true, 0, 293
999-CFC000044-M, 1260, 1148, 0, 0, 112, 112, 0, true, 0, 1221
999-ADC000015-E, 682, 580, 0, 35, 67, 67, 0, true, 0, 119
999-ARC000009-E, 205, 125, 3, 0, 77, 77, 0, true, 0, 1223
999-AXC000046-E, 310, 250, 10, 0, 50, 50, 0, true, 0, null
999-AXC000064-E, 270, 125, 11, 24, 110, 110, 0, true, 0, 1578
999-AYC000015-E, 250, 250, 0, 0, 0, 0, 0, true, 0, 1223
999-AYC000096-E, 400, 250, 58, 0, 92, 92, 0, true, 0, 1223
999-AYC000158-E, 235, 125, 18, 0, 92, 92, 0, true, 0, null
999-AYC000175-E, 200, 125, 29, 0, 46, 46, 0, true, 0, null
999-AYC000182-E, 900, 560, 28, 39, 273, 273, 0, true, 0, 293
999-BRC000020-E, 450, 300, 0, 20, 130, 130, 0, true, 0, 120
999-ACC315250-E, 620, 500, 120, 0, 0, 0, 0, true, 0, 1345
999-ACC326501-E, 655, 375, 19, 63, 198, 198, 0, true, 0, 1611
999-ACC756502-E, 944, 650, 41, 132, 260, 121, 139, true, 0, 283
999-AHC916001-E, 1097, 550, 0, 135, 412, 412, 0, true, 0, 119
999-AOC000040-E, 236, 175, 0, 0, 61, 61, 0, true, 0, 1224
999-AXC000043-E, 500, 400, 21, 57, 98, 22, 76, true, 0, 152
999-AYC000051-E, 1067, 750, 45, 84, 188, 188, 0, true, 0, 283
999-AYC000122-E, 1797, 1125, 56, 616, 0, 0, 0, true, 0, 283
999-AYC000130-E, 400, 250, 128, 0, 22, 22, 0, true, 0, 1224
999-AYC000199-E, 1056, 935, 43, 78, 0, 0, 0, true, 0, 33
998-CPC000161-M, 85, 85, 0, 0, 0, 0, 0, true, 0, 1523
998-CPC000595-M, 868, 859, 0, 9, 0, 0, 0, true, 0, 161
999-ACC757504-E, 1364, 1050, 50, 66, 198, 198, 0, true, 0, 142
999-ADC000011-E, 650, 625, 0, 0, 25, 25, 0, true, 0, 1227
999-ADC000026-E, 784, 750, 2, 0, 32, 32, 0, true, 0, 1344
999-AEC000004-E, 410, 400, 0, 9, 1, 1, 0, true, 0, 142
999-AIC000050-E, 8389, 710, 52, 6272, 9971, 1355, 8616, true, 0, 1611
999-AIC000090-E, 506, 250, 20, 195, 41, 41, 0, true, 0, 1901
999-AOC000023-E, 547, 250, 0, 0, 297, 297, 0, true, 0, 1522
999-AOC000034-E, 450, 250, 0, 2, 198, 198, 0, true, 0, 1501
999-AXC000048-E, 500, 250, 20, 19, 211, 211, 0, true, 0, 1610
999-AYC000062-E, 400, 250, 16, 134, 0, 0, 0, true, 0, 1594
999-AYC000063-E, 200, 125, 45, 0, 30, 30, 0, true, 0, null
999-AYC000114-E, 1804, 243, 50, 164, 1347, 1347, 0, true, 0, 292
999-AYC000173-E, 1500, 745, 33, 658, 64, 64, 0, true, 0, 292
999-CLC000160-E, 300, 250, 4, 0, 46, 46, 0, true, 0, 1227
999-BBC000020-E, 350, 250, 0, 1, 99, 99, 0, true, 0, 292
999-CAC000329-E, 135, 125, 0, 0, 10, 10, 0, true, 0, 1339
999-CJC000010-E, 145, 125, 2, 0, 18, 18, 0, true, 0, 1347
999-CLC000112-E, 523, 425, 0, 7, 91, 91, 0, true, 0, 1533
999-AIC000061-E, 1227, 1185, 0, 1, 41, 41, 0, true, 0, 34
999-AJC000021-E, 261, 250, 0, 2, 9, 9, 0, true, 0, 1523
999-AXC000060-E, 550, 500, 23, 16, 11, 11, 0, true, 0, 1523
999-AXC000061-E, 531, 500, 19, 0, 12, 12, 0, true, 0, 1345
999-AXC000089-E, 284, 250, 2, 0, 32, 32, 0, true, 0, 1345
999-AYC000267-E, 252, 125, 42, 0, 85, 85, 0, true, 0, null
999-AYCB93251-E, 400, 125, 8, 173, 94, 94, 0, true, 0, 283
999-BAA000001-E, 128, 125, 0, 3, 0, 0, 0, true, 0, 34
999-CAC000086-E, 922, 920, 0, 0, 2, 2, 0, true, 0, 1345
999-CLC000158-E, 150, 125, 0, 1, 24, 24, 0, true, 0, 1522
999-CLC000159-E, 175, 125, 6, 0, 44, 44, 0, true, 0, 1347
999-AYC395291-E, 985, 250, 40, 145, 550, 550, 0, true, 0, 1522
999-CAC000268-E, 1382, 1125, 0, 257, 0, 0, 0, true, 0, 293
999-CAC000289-E, 420, 168, 3, 0, 315, 249, 66, true, 0, 1240
999-AYC000149-E, 779, 625, 32, 28, 94, 94, 0, true, 0, 1618
999-AYC395519-E, 399, 175, 8, 85, 131, 131, 0, true, 0, 30
999-AYC395526-E, 330, 125, 5, 55, 145, 145, 0, true, 0, 283
999-AYC595501-E, 1550, 995, 43, 17, 495, 495, 0, true, 0, 292
999-BEC000208-E, 400, 250, 2, 0, 148, 148, 0, true, 0, 1241
999-CLC000027-E, 200, 125, 14, 0, 61, 61, 0, true, 0, null
999-CLC000137-E, 400, 250, 0, 5, 145, 145, 0, true, 0, 1578
999-CLC000155-E, 457, 435, 0, 6, 16, 16, 0, true, 0, 152
999-CLC000170-E, 498, 375, 0, 30, 93, 93, 0, true, 0, 1553
999-COC000012-E, 321, 250, 4, 0, 67, 67, 0, true, 0, 1241
999-AXC000058-E, 494, 435, 20, 19, 20, 20, 0, true, 0, 119
999-AYC393507-E, 400, 250, 16, 52, 82, 82, 0, true, 0, 1559
999-CHC000006-X, 600, 310, 0, 290, 0, 0, 0, true, 0, 31
998-CPC000645-M, 85, 85, 0, 0, 0, 0, 0, true, 0, 1769
999-AYC395513-E, 200, 0, 0, 0, 200, 200, 0, true, 0, null
999-AYC395751-E, 200, 0, 0, 0, 200, 200, 0, true, 0, null
999-BGC000025-E, 100, 0, 0, 0, 100, 100, 0, true, 0, null
999-BVC000037-E, 106, 0, 0, 0, 106, 106, 0, true, 0, null
999-CLC000008-E, 1072, 118, 0, 6, 960, 948, 12, true, 0, 29
001-PCCSYNC03-E, 40, 0, 0, 0, 40, 40, 0, true, 0, null
999-BUC000002-E, 125, 0, 0, 96, 29, 29, 0, true, 0, 28
998-CPC000740-M, 878, 684, 0, 14, 180, 180, 0, true, 0, 1907
998-CPC000049-M, 613, 380, 0, 233, 231, 0, 231, true, 0, 283
998-CPC000053-M, 390, 380, 0, 3, 7, 7, 0, true, 0, 1938
998-CPC000054-M, 390, 380, 0, 3, 7, 7, 0, true, 0, 161
998-CPC000058-M, 457, 380, 0, 0, 77, 77, 0, true, 0, 1907
998-CPC000092-M, 425, 323, 0, 23, 79, 79, 0, true, 0, 1938
998-CPC000162-M, 885, 684, 0, 180, 21, 21, 0, true, 0, 1907
140-CDC000014-M, 30, 20, 0, 0, 10, 10, 0, true, 0, null
140-CDC000042-M, 30, 20, 0, 0, 10, 10, 0, true, 0, null
140-CGC000001-M, 30, 20, 0, 0, 10, 10, 0, true, 0, null
140-CGC000002-M, 30, 20, 0, 0, 10, 10, 0, true, 0, null
140-CGC000004-M, 30, 20, 0, 0, 10, 10, 0, true, 0, null
140-CGC000009-M, 30, 20, 3, 0, 7, 7, 0, true, 0, null
140-CGC000020-M, 30, 20, 10, 0, 0, 0, 0, true, 0, null
999-CECSCX045-M, 340, 240, 2, 0, 98, 98, 0, true, 0, null
140-CDA000014-M, 30, 20, 0, 0, 10, 10, 0, true, 0, null
140-CDA000016-M, 30, 20, 0, 3, 17, 7, 10, true, 0, 1342
140-CDA000026-M, 30, 20, 0, 0, 10, 10, 0, true, 0, null
140-CDA000030-M, 20, 20, 0, 0, 0, 0, 0, true, 0, null
998-BZA000966-X, 68, 60, 0, 0, 8, 8, 0, true, 0, null
999-ACC000374-E, 30, 20, 0, 0, 10, 10, 0, true, 0, null
999-BTC000022-E, 22, 20, 0, 0, 2, 2, 0, true, 0, null
998-CPC000067-M, 25, 20, 0, 0, 5, 5, 0, true, 0, null
998-CPC000095-M, 188, 177, 0, 11, 0, 0, 0, true, 3, 1907
998-CPC000245-M, 1000, 20, 0, 0, 980, 980, 0, true, 0, null
999-CAC000418-E, 250, 228, 0, 1, 21, 21, 0, true, 0, 1522
160-PCC000002-E, 133, 0, 0, 0, 133, 133, 0, true, 0, null
999-BGC000012-E, 170, 0, 0, 5, 165, 165, 0, true, 0, 28
999-ACC000006-E, 400, 0, 0, 8, 392, 392, 0, true, 0, 32
999-CAC000108-E, 144, 0, 6, 0, 138, 138, 0, true, 0, null
999-CAC000328-E, 975, 0, 87, 0, 888, 888, 0, true, 0, null
999-CJC000005-E, 1070, 118, 0, 10, 942, 942, 0, true, 0, 1597
999-ACC316503-E, 134, 0, 7, 0, 127, 127, 0, true, 0, null
999-AYC000262-E, 2591, 0, 0, 300, 2291, 2291, 0, true, 0, 1611
999-CAC000370-E, 250, 0, 12, 0, 238, 238, 0, true, 0, null
999-CLC000115-E, 320, 0, 0, 140, 180, 180, 0, true, 0, 1578
999-AHC926750-E, 300, 175, 0, 75, 50, 50, 0, true, 0, 1901
999-ACC315027-E, 1045, 898, 42, 98, 7, 7, 0, true, 0, 142
999-AYC000111-E, 1630, 898, 62, 56, 614, 614, 0, true, 0, 1563
999-AYC000126-E, 3680, 3592, 0, 28, 60, 60, 0, true, 0, 152
999-AYC000140-E, 8362, 1062, 80, 7220, 7285, 0, 7285, true, 0, 120
999-BPC000015-E, 770, 118, 0, 31, 621, 621, 0, true, 0, 1478
104-PCC000001-E, 768, 756, 0, 12, 0, 0, 0, true, 11, 1577
104-PCC000002-E, 703, 118, 0, 585, 587, 0, 587, true, 0, 1577
999-ACC000017-E, 13870, 1416, 160, 169, 12410, 12125, 285, true, 0, 34
999-AYC000282-E, 767, 450, 23, 51, 243, 243, 0, true, 0, 152
999-BEC000139-E, 1440, 118, 0, 14, 1308, 1308, 0, true, 0, 1495
999-CAC000069-E, 800, 118, 0, 0, 682, 682, 0, true, 0, null
999-CAC000100-E, 1010, 898, 0, 2, 110, 110, 0, true, 0, 1609
999-CAC000106-E, 780, 118, 0, 3, 659, 659, 0, true, 0, 1495
999-CAC000158-E, 927, 898, 0, 15, 14, 14, 0, true, 0, 152
999-CBC000049-E, 10875, 4654, 0, 1202, 5019, 5019, 0, true, 0, 152
998-CPC000091-M, 450, 198, 0, 5, 247, 247, 0, true, 0, 1938
102-PCC000014-E, 160, 150, 0, 0, 10, 10, 0, true, 0, null
998-BBC000002-E, 175, 150, 0, 2, 23, 23, 0, true, 0, 142
999-ADC000028-E, 150, 150, 0, 0, 0, 0, 0, true, 0, 1482
999-AOC000033-E, 240, 150, 0, 90, 0, 0, 0, true, 0, 142
999-AYC000067-E, 837, 600, 26, 11, 200, 200, 0, true, 0, 152
999-AYC000188-E, 1308, 900, 39, 39, 330, 330, 0, true, 0, 152
999-AYC595257-E, 3719, 3344, 0, 97, 278, 278, 0, true, 7, 152
999-BBC000028-E, 166, 150, 0, 16, 0, 0, 0, true, 0, 152
999-CAC000222-E, 150, 150, 0, 0, 75, 0, 75, true, 0, null
999-CAC000400-E, 150, 150, 0, 0, 0, 0, 0, true, 0, null
999-CLC000161-E, 630, 460, 0, 28, 142, 142, 0, true, 0, 152
999-BEC000161-E, 800, 118, 0, 7, 696, 675, 21, true, 0, 1495
999-BGC000066-E, 967, 898, 0, 6, 63, 63, 0, true, 0, 152
999-BRC000030-E, 855, 118, 0, 2, 735, 735, 0, true, 0, 1639
999-CLC000182-E, 1020, 898, 0, 2, 120, 120, 0, true, 0, 173
999-BKC000017-E, 169, 0, 0, 6, 163, 163, 0, true, 0, 1769
999-ACC000002-E, 2510, 236, 38, 897, 1339, 1339, 0, true, 0, 1495
999-BPC000008-E, 1628, 236, 0, 7, 1385, 1385, 0, true, 0, 1495
999-BPC000048-E, 900, 898, 0, 2, 0, 0, 0, true, 0, 152
999-CLC000009-E, 2020, 236, 0, 47, 1737, 1737, 0, true, 0, 29
999-CLC000078-E, 1539, 118, 0, 1, 1420, 1420, 0, true, 0, 28
999-CLC000081-E, 1093, 118, 0, 9, 966, 966, 0, true, 0, 1563
999-ACC000089-E, 5009, 0, 0, 94, 4915, 4915, 0, true, 0, 1611
999-AXC000084-E, 240, 150, 10, 7, 89, 73, 16, true, 0, 152
999-AYC000123-E, 958, 0, 0, 0, 958, 958, 0, true, 0, null
999-AYC000132-E, 10553, 0, 0, 13, 10540, 10540, 0, true, 0, 1628
999-BPC000056-E, 200, 0, 0, 0, 200, 200, 0, true, 0, 1494
999-CAC000070-E, 425, 0, 0, 7, 418, 418, 0, true, 0, 1563
999-ACC000054-E, 700, 200, 12, 206, 282, 282, 0, true, 0, 119
999-BEC000159-E, 900, 118, 0, 0, 782, 782, 0, true, 0, null
999-BEC000165-E, 998, 898, 0, 29, 71, 71, 0, true, 0, 157
999-BJC000019-E, 1034, 118, 0, 0, 916, 916, 0, true, 0, null
999-BVC000075-E, 2302, 118, 0, 1, 2183, 2183, 0, true, 0, 69
140-PCC000001-E, 22, 20, 0, 0, 2, 2, 0, true, 0, null
140-PCC000002-E, 20, 20, 0, 0, 0, 0, 0, true, 0, null
001-PCC000027-E, 140, 0, 0, 6, 134, 134, 0, true, 0, 1578
999-AYC000124-E, 11210, 0, 0, 1226, 9984, 9984, 0, true, 0, 1563
999-BEC000146-E, 415, 0, 0, 18, 397, 397, 0, true, 0, 1563
999-BEC000150-E, 110, 0, 0, 6, 104, 104, 0, true, 0, 1628
999-CAC000291-E, 160, 0, 0, 6, 154, 154, 0, true, 0, 1563
998-CPC000097-M, 80, 80, 0, 0, 0, 0, 0, true, 0, null
998-CPC000216-M, 130, 125, 0, 0, 5, 5, 0, true, 0, 1907
998-CPC000316-M, 60, 60, 0, 0, 0, 0, 0, true, 0, null
999-CAC000154-E, 285, 0, 0, 21, 264, 264, 0, true, 0, 1563
999-CLC000080-E, 155, 0, 0, 6, 149, 149, 0, true, 0, 1563
999-CLC000169-E, 325, 0, 0, 12, 313, 313, 0, true, 0, 1578
999-ACC516751-E, 860, 0, 0, 11, 849, 849, 0, true, 0, 119
999-AYC000036-E, 400, 0, 0, 316, 84, 84, 0, true, 0, 1563
999-BCC000013-E, 168, 0, 0, 6, 162, 162, 0, true, 0, 1563
999-CAC000476-E, 127, 0, 0, 5, 122, 122, 0, true, 0, 28
999-CLC000007-E, 175, 0, 0, 28, 147, 147, 0, true, 0, 1563
999-AYC000113-E, 400, 0, 0, 3, 397, 397, 0, true, 0, 120
999-BPC000018-E, 330, 0, 0, 29, 301, 301, 0, true, 0, 1611
999-AYC000142-E, 260, 0, 0, 2, 258, 258, 0, true, 0, 1558
999-AYC393506-E, 595, 310, 25, 17, 243, 243, 0, true, 0, 30
999-BTC000004-E, 104, 0, 0, 0, 104, 104, 0, true, 0, null
999-ACC000094-E, 7140, 0, 0, 856, 6284, 6284, 0, true, 0, 1594
999-AIC000074-E, 220, 0, 0, 111, 109, 109, 0, true, 0, 1563
999-AYC000112-E, 200, 0, 0, 2, 198, 198, 0, true, 0, 1559
999-AYC000116-E, 760, 0, 0, 2, 758, 758, 0, true, 0, 1559
999-AYC000195-E, 5530, 1208, 217, 159, 4145, 3946, 199, true, 0, 152
999-ACC000304-E, 100, 0, 0, 100, 0, 0, 0, true, 0, 1563
999-ACC000314-E, 1200, 0, 0, 947, 253, 253, 0, true, 0, 1563
999-ACC000372-E, 200, 0, 0, 131, 69, 69, 0, true, 0, 1563
999-ACC000383-E, 100, 0, 0, 52, 48, 48, 0, true, 0, 1563
999-ACC000387-E, 500, 0, 0, 500, 0, 0, 0, true, 0, 1563
999-ACC000403-E, 100, 0, 0, 74, 26, 26, 0, true, 0, 1563
999-AHC000003-E, 12, 0, 0, 6, 151, 6, 145, true, 0, 1563
999-AJC000025-E, 225, 0, 0, 6, 219, 219, 0, true, 0, 1618
999-AYC000009-E, 360, 0, 0, 108, 252, 252, 0, true, 0, 1578
999-AYC000194-E, 360, 0, 0, 123, 237, 237, 0, true, 0, 1579
999-AYC000526-E, 100, 0, 0, 100, 0, 0, 0, true, 0, 1563
999-AYC393251-E, 300, 0, 0, 67, 233, 233, 0, true, 0, 1618
999-AYC395504-E, 1190, 898, 48, 244, 926, 0, 926, true, 0, 1577
999-BEC000028-E, 105, 0, 0, 6, 99, 99, 0, true, 0, 136
999-BEC000141-E, 273, 0, 0, 12, 261, 261, 0, true, 0, 1901
999-BPC000130-E, 25, 0, 0, 6, 19, 19, 0, true, 0, 1563
999-BRC000038-E, 136, 0, 0, 6, 130, 130, 0, true, 0, 1769
999-BTC000006-E, 120, 0, 0, 9, 111, 111, 0, true, 0, 1751
999-BVC000079-E, 175, 0, 0, 7, 168, 168, 0, true, 0, 1628
999-CLC000006-E, 270, 20, 0, 0, 250, 250, 0, true, 0, null
999-AYC000005-E, 1350, 620, 36, 47, 647, 647, 0, true, 0, 293
999-AYC000141-E, 1032, 118, 0, 6, 908, 908, 0, true, 0, 1580
999-AYC000144-E, 1669, 118, 37, 52, 1462, 1462, 0, true, 0, 69
999-BPC000047-E, 1239, 118, 0, 13, 1108, 1108, 0, true, 0, 1609
999-AYC000283-E, 2050, 0, 0, 3, 2047, 2047, 0, true, 0, 1577
999-BRC000048-E, 150, 0, 0, 0, 150, 150, 0, true, 0, null
999-CECSMX020-M, 50, 0, 0, 25, 25, 25, 0, true, 0, 1577
999-CECSPP029-M, 50, 0, 0, 24, 26, 26, 0, true, 0, 1577
999-CECSPX003-M, 250, 0, 0, 31, 219, 219, 0, true, 0, 22
999-CECWPS000-M, 450, 0, 0, 94, 356, 356, 0, true, 0, 22
999-CFC000032-M, 10, 0, 0, 7, 3, 3, 0, true, 0, 1577
999-CFC000038-M, 20, 0, 0, 12, 8, 8, 0, true, 0, 1577
999-BGC000050-E, 140, 0, 0, 6, 134, 134, 0, true, 0, 1629
999-CMC000032-E, 19, 0, 0, 11, 8, 8, 0, true, 0, 1578
999-AYC393254-E, 500, 0, 0, 1, 1139, 499, 640, true, 0, 33
999-ACC000104-E, 4200, 150, 160, 97, 3993, 3793, 200, true, 0, 142
999-AYC395524-E, 5200, 450, 200, 4352, 4719, 198, 4521, true, 0, 152
999-CJC000018-E, 160, 150, 0, 2, 8, 8, 0, true, 0, 157
130-PCC000029-E, 50, 0, 0, 0, 50, 50, 0, true, 0, 29
999-BPC000012-E, 318, 0, 0, 0, 318, 318, 0, true, 0, 40
999-AXC000080-E, 237, 150, 7, 3, 83, 77, 6, true, 0, 173
999-CAC000312-E, 880, 118, 0, 0, 762, 762, 0, true, 0, 1627
999-CAC001098-E, 800, 0, 0, 800, 806, 0, 806, true, 0, 1628
160-PCC000042-E, 20, 0, 0, 10, 10, 10, 0, true, 0, 1629
999-BEC000151-E, 3000, 236, 0, 8, 2756, 2756, 0, true, 0, 1639
998-CPC000085-M, 20, 20, 0, 0, 0, 0, 0, true, 0, null
998-CPC000315-M, 40, 40, 0, 0, 0, 0, 0, true, 0, null
998-CPC000725-M, 20, 20, 0, 0, 0, 0, 0, true, 0, null
998-CPC000730-M, 20, 20, 0, 0, 0, 0, 0, true, 0, null
999-CAC000309-E, 110, 0, 0, 0, 110, 110, 0, true, 0, 1736
999-CAC000224-E, 130, 0, 0, 130, 132, 0, 132, true, 0, 1751
999-CAC000254-E, 800, 0, 0, 2, 798, 798, 0, true, 0, 1751
999-CAC000630-E, 925, 0, 0, 10, 915, 915, 0, true, 0, 1751
998-CPC000313-M, 20, 20, 0, 0, 0, 0, 0, true, 0, null
998-CPC000317-M, 20, 20, 0, 0, 0, 0, 0, true, 0, null
998-CPC000503-M, 20, 20, 0, 0, 0, 0, 0, true, 0, null
998-CPC000814-M, 20, 20, 0, 0, 0, 0, 0, true, 0, null
999-CLC000126-E, 485, 0, 0, 6, 479, 479, 0, true, 0, 1782
115-CGC000019-M, 60, 60, 0, 0, 16, 0, 16, true, 6, 1907
998-CPC000319-M, 25, 20, 0, 5, 0, 0, 0, true, 0, 1907
130-PCC000049-E, 320, 310, 0, 0, 10, 10, 0, true, 0, null
998-AOC000020-E, 636, 620, 0, 0, 16, 16, 0, true, 0, null
998-AOC000021-E, 335, 310, 0, 5, 20, 20, 0, true, 0, 293
998-BBC000014-E, 350, 310, 0, 0, 40, 40, 0, true, 0, null
999-ACC000111-E, 100, 0, 0, 0, 100, 100, 0, true, 0, null
999-ACC000222-E, 1900, 1860, 0, 3, 37, 37, 0, true, 0, 22
999-BBC000062-E, 310, 310, 0, 0, 0, 0, 0, true, 0, null
999-BEC000052-E, 375, 310, 0, 65, 0, 0, 0, true, 0, 33
999-CAC000119-E, 96, 0, 0, 0, 97, 96, 1, true, 0, null
999-CECSCX014-M, 400, 400, 0, 0, 245, 0, 245, true, 8, null
999-CECSMX007-M, 1350, 1240, 0, 10, 100, 100, 0, true, 0, 293
999-CECSPP008-M, 50, 0, 0, 0, 50, 50, 0, true, 0, null
999-CECSPX010-M, 200, 0, 0, 16, 184, 184, 0, true, 0, 22
999-CECWPS016-M, 2200, 2170, 0, 30, 0, 0, 0, true, 0, 22
998-BBC000019-E, 332, 310, 0, 22, 0, 0, 0, true, 0, 136
999-AIC000013-E, 538, 0, 0, 11, 527, 527, 0, true, 0, 28
999-BKC000010-E, 95, 0, 0, 0, 95, 95, 0, true, 0, null
999-CLC000052-E, 100, 0, 0, 5, 95, 95, 0, true, 0, 28
999-CLC000283-E, 310, 310, 0, 0, 0, 0, 0, true, 0, null
999-CLC000308-E, 310, 310, 0, 0, 0, 0, 0, true, 0, null
999-CLC000426-E, 360, 310, 0, 2, 48, 48, 0, true, 0, 28
999-AYC000319-E, 420, 310, 17, 39, 54, 54, 0, true, 0, 29
999-AYC000350-E, 936, 310, 21, 33, 572, 572, 0, true, 0, 293
999-AYC000401-E, 350, 310, 14, 26, 34, 0, 34, true, 0, 29
999-BBC000013-E, 100, 0, 0, 0, 100, 100, 0, true, 0, null
999-BLC000001-E, 200, 0, 0, 85, 210, 115, 95, true, 0, 29
999-BVC000025-E, 190, 0, 0, 93, 191, 97, 94, true, 0, 29
999-CAC000206-E, 95, 0, 0, 0, 95, 95, 0, true, 0, null
999-CAC000243-E, 95, 0, 0, 0, 95, 95, 0, true, 0, null
999-CLC000257-E, 350, 310, 0, 0, 40, 40, 0, true, 0, 29
999-ACC000228-E, 2000, 1860, 80, 60, 99, 0, 99, true, 0, 30
999-AIC000015-E, 200, 0, 0, 0, 201, 200, 1, true, 0, null
999-AYC000098-E, 300, 0, 0, 6, 294, 294, 0, true, 0, 30
999-AYC000148-E, 200, 0, 0, 10, 190, 190, 0, true, 0, 30
999-AYC000400-E, 350, 310, 14, 26, 0, 0, 0, true, 0, 30
999-AYC000452-E, 350, 310, 14, 26, 0, 0, 0, true, 0, 30
999-AYC000456-E, 350, 310, 14, 26, 0, 0, 0, true, 0, 30
999-AYC595251-E, 227, 0, 0, 17, 210, 210, 0, true, 0, 30
999-BVC000005-E, 99, 0, 0, 5, 94, 94, 0, true, 0, 30
103-CDC000003-M, 190, 0, 0, 30, 160, 160, 0, true, 0, 31
120-CGC000010-M, 20, 0, 0, 0, 20, 20, 0, true, 0, null
130-CDA000058-M, 326, 310, 0, 0, 16, 16, 0, true, 0, 161
130-CGC000038-M, 20, 0, 0, 0, 20, 20, 0, true, 0, null
130-CGC000121-M, 314, 310, 0, 0, 4, 4, 0, true, 0, 31
203-CDA000023-M, 95, 0, 0, 0, 95, 95, 0, true, 0, null
203-CDC000016-M, 95, 0, 0, 40, 55, 55, 0, true, 0, 31
203-CGC000018-M, 95, 0, 0, 0, 95, 95, 0, true, 0, null
998-BZA000283-X, 190, 0, 0, 1, 189, 189, 0, true, 0, 31
998-CFA000005-M, 931, 930, 0, 1, 0, 0, 0, true, 0, 161
998-CFC000023-M, 95, 0, 0, 2, 93, 93, 0, true, 0, 31
998-CFC000031-M, 391, 310, 0, 52, 110, 29, 81, true, 0, 293
999-AYC000161-E, 520, 0, 0, 5, 515, 515, 0, true, 0, 31
999-AYC000327-E, 2100, 930, 40, 135, 995, 995, 0, true, 0, 293
999-CAC000242-E, 100, 0, 0, 0, 100, 100, 0, true, 0, null
999-CFC000019-M, 20, 0, 0, 0, 20, 20, 0, true, 0, null
999-CFC000091-M, 2200, 2170, 0, 5, 25, 25, 0, true, 0, 31
001-PCCSY5R03-E, 96, 0, 0, 83, 107, 13, 94, true, 0, 32
999-AYC000146-E, 279, 0, 0, 13, 266, 266, 0, true, 0, 32
999-AYC395289-E, 500, 0, 0, 40, 460, 460, 0, true, 0, 32
999-ACC000056-E, 350, 310, 14, 26, 0, 0, 0, true, 0, 33
999-AXC000017-E, 200, 0, 0, 2, 198, 198, 0, true, 0, 33
999-AXC000128-E, 950, 930, 0, 20, 0, 0, 0, true, 0, 33
999-AYC000128-E, 350, 0, 0, 15, 335, 335, 0, true, 0, 33
999-AYC000287-E, 354, 310, 14, 30, 0, 0, 0, true, 0, 33
999-AYC000366-E, 650, 620, 26, 4, 0, 0, 0, true, 0, 33
999-AYC393504-E, 1300, 1240, 52, 8, 0, 0, 0, true, 0, 33
999-AYC595263-E, 750, 310, 14, 78, 348, 348, 0, true, 0, 293
999-BHC000002-E, 200, 0, 0, 12, 188, 188, 0, true, 0, 33
999-CLC000116-E, 300, 0, 0, 3, 297, 297, 0, true, 0, 33
999-CLC000223-E, 310, 310, 0, 0, 0, 0, 0, true, 0, null
999-AIC000119-E, 650, 620, 26, 4, 11, 0, 11, true, 0, 34
999-AJC000042-E, 350, 310, 0, 40, 44, 0, 44, true, 0, 34
999-ALC000001-E, 650, 150, 0, 1, 499, 499, 0, true, 0, 119
999-AOC000030-E, 470, 465, 0, 0, 5, 5, 0, true, 0, 34
999-AXC000104-E, 650, 620, 26, 4, 30, 0, 30, true, 0, 34
999-AXC000113-E, 350, 310, 14, 26, 0, 0, 0, true, 0, 34
999-AXC000126-E, 650, 620, 26, 4, 23, 0, 23, true, 0, 34
999-AXC000127-E, 315, 310, 0, 0, 5, 5, 0, true, 0, 34
999-AYC000534-E, 350, 310, 14, 26, 0, 0, 0, true, 0, 34
999-BAA000002-E, 1200, 0, 0, 0, 1200, 1200, 0, true, 0, null
999-BEC000067-E, 180, 0, 0, 0, 180, 180, 0, true, 0, 34
999-BEC000079-E, 95, 0, 0, 0, 95, 95, 0, true, 0, null
999-BGC000005-E, 100, 0, 0, 0, 100, 100, 0, true, 0, null
999-BTC000002-E, 95, 0, 0, 0, 95, 95, 0, true, 0, null
999-BVC000068-E, 110, 0, 0, 6, 104, 104, 0, true, 0, 34
999-CAC000107-E, 95, 0, 0, 0, 95, 95, 0, true, 0, null
999-CAC000210-E, 100, 0, 0, 5, 95, 95, 0, true, 0, 34
103-PCC000005-E, 95, 0, 0, 0, 95, 95, 0, true, 0, null
999-ADC000030-E, 220, 150, 0, 2, 68, 68, 0, true, 0, 119
999-AXC000069-E, 175, 155, 7, 13, 18, 0, 18, true, 0, 119
999-AYC000044-E, 635, 0, 0, 6, 629, 629, 0, true, 0, 120
999-AYC000071-E, 200, 50, 8, 142, 148, 0, 148, true, 0, 120
999-AYC000107-E, 200, 0, 0, 0, 200, 200, 0, true, 0, null
999-AYC000115-E, 200, 0, 0, 12, 188, 188, 0, true, 0, 120
999-AYC000147-E, 200, 0, 0, 10, 190, 190, 0, true, 0, 120
999-AYC000155-E, 200, 0, 0, 3, 197, 197, 0, true, 0, 120
999-AYC000160-E, 200, 0, 0, 5, 289, 195, 94, true, 0, 120
999-AYC595256-E, 200, 0, 0, 2, 198, 198, 0, true, 0, 120
999-BEC000053-E, 193, 0, 0, 1, 192, 192, 0, true, 0, 136
999-BSC000001-E, 50, 50, 0, 0, 0, 0, 0, true, 0, null
999-CAC000111-E, 100, 100, 0, 0, 0, 0, 0, true, 0, null
999-CAC000125-E, 80, 50, 0, 2, 28, 28, 0, true, 0, 120
999-CAC000128-E, 120, 100, 0, 0, 20, 20, 0, true, 0, null
999-CBC000053-E, 160, 150, 0, 1, 9, 9, 0, true, 0, 120
999-CBC000055-E, 71, 50, 0, 0, 21, 21, 0, true, 0, null
999-CJC000017-E, 50, 50, 0, 0, 35, 0, 35, true, 0, null
999-CJC000021-E, 50, 50, 0, 0, 0, 0, 0, true, 0, null
999-CLC000176-E, 72, 0, 0, 0, 72, 72, 0, true, 0, null
001-PCC000044-E, 90, 50, 0, 0, 40, 40, 0, true, 0, null
111-CDA000039-M, 50, 50, 0, 0, 0, 0, 0, true, 0, null
998-CPC000014-M, 500, 0, 0, 33, 467, 467, 0, true, 0, 161
998-CPC000048-M, 100, 0, 0, 0, 100, 100, 0, true, 0, null
998-CPC000051-M, 100, 0, 0, 0, 100, 100, 0, true, 0, null
998-CPC000052-M, 100, 0, 0, 0, 100, 100, 0, true, 0, null
998-CPC000057-M, 100, 0, 0, 0, 100, 100, 0, true, 0, null
998-CPC000136-M, 41, 10, 0, 31, 0, 0, 0, true, 2, 161
998-CPC000138-M, 50, 50, 0, 0, 0, 0, 0, true, 0, null
998-CPC000165-M, 310, 310, 0, 0, 0, 0, 0, true, 0, 173
998-CPC000224-M, 325, 310, 0, 13, 2, 2, 0, true, 0, 173
999-CECNSS011-M, 210, 200, 0, 10, 13, 0, 13, true, 0, 161
999-CHC000007-X, 100, 0, 0, 100, 0, 0, 0, true, 6, 161
998-CPC000167-M, 310, 310, 0, 0, 0, 0, 0, true, 0, null
998-CPC000572-M, 50, 50, 0, 0, 0, 0, 0, true, 0, null
999-CLC000287-E, 320, 310, 0, 10, 0, 0, 0, true, 0, 173
999-BGC000062-E, 103, 0, 1, 0, 102, 102, 0, true, 0, null
998-CFC000030-M, 104, 0, 0, 0, 104, 104, 0, true, 0, null
