Tejas Document Number,Document Date,Annexure Number,Annexure Date,Serial Number,Item Description,Quantity,Carried Forward Balance,Balance From Previous Annexure,Job Worker DC Number,Date,Item Description,Board Quantity,Nature of Process Done,Per Board,Consumption,Total Consumption,Balance,Balance C/F to Annexure,Returned,Scrap
2015202950,4/17/2015,101,4/17/2015,1,999-CLC000224-E,73,41,1533,,,,,,,,0,0,,94,20


,,Total Quantity,114
,,Total Consumption,0
,,Total Scrap,20
,,Total Returned,94
,,Total Balance,0
