Tejas Document Number,Document Date,Annexure Number,Annexure Date,Serial Number,Item Description,Quantity,Carried Forward Balance,Balance From Previous Annexure,Job Worker DC Number,Date,Item Description,Board Quantity,Nature of Process Done,Per Board,Consumption,Total Consumption,Balance,Balance C/F to Annexure,Returned,Scrap
2014247206,12/9/2014,1191,12/9/2015,1,170-CGC000056-M,20,6,1137,,,,,,,,0,2,31,24,0


,,Total Quantity,26
,,Total Consumption,0
,,Total Scrap,0
,,Total Returned,24
,,Total Balance,2
