Tejas Document Number,Document Date,Annexure Number,Annexure Date,Serial Number,Item Description,Quantity,Carried Forward Balance,Balance From Previous Annexure,Job Worker DC Number,Date,Item Description,Board Quantity,Nature of Process Done,Per Board,Consumption,Total Consumption,Balance,Balance C/F to Annexure,Returned,Scrap
2014250531,12/27/2014,1294,12/27/2015,1,001-PCCSYNC03-E,40,0,,,,,,,,,0,0,,40,0


,,Total Quantity,40
,,Total Consumption,0
,,Total Scrap,0
,,Total Returned,40
,,Total Balance,0
