Tejas Document Number,Document Date,Annexure Number,Annexure Date,Serial Number,Item Description,Quantity,Carried Forward Balance,Balance From Previous Annexure,Job Worker DC Number,Date,Item Description,Board Quantity,Nature of Process Done,Per Board,Consumption,Total Consumption,Balance,Balance C/F to Annexure,Returned,Scrap
2014250714,12/29/2014,1298,12/29/2015,1,999-CAC001281-E,78,50,1137,,,,,,,,0,14,1313,114,0


,,Total Quantity,128
,,Total Consumption,0
,,Total Scrap,0
,,Total Returned,114
,,Total Balance,14
