Tejas Document Number,Document Date,Annexure Number,Annexure Date,Serial Number,Item Description,Quantity,Carried Forward Balance,Balance From Previous Annexure,Job Worker DC Number,Date,Item Description,Board Quantity,Nature of Process Done,Per Board,Consumption,Total Consumption,Balance,Balance C/F to Annexure,Returned,Scrap
2014250913,12/30/2014,1305,12/30/2015,1,999-CLC000023-E,100,10,1147,,,,,,,,0,110,1680,0,0


,,Total Quantity,110
,,Total Consumption,0
,,Total Scrap,0
,,Total Returned,0
,,Total Balance,110
