Tejas Document Number,Document Date,Annexure Number,Annexure Date,Serial Number,Item Description,Quantity,Carried Forward Balance,Balance From Previous Annexure,Job Worker DC Number,Date,Item Description,Board Quantity,Nature of Process Done,Per Board,Consumption,Total Consumption,Balance,Balance C/F to Annexure,Returned,Scrap
2014251811,12/31/2014,1313,1/2/2015,1,999-CAC001281-E,36,14,1298,,,,,,,,0,0,,50,0


,,Total Quantity,50
,,Total Consumption,0
,,Total Scrap,0
,,Total Returned,50
,,Total Balance,0
