Tejas Document Number,Document Date,Annexure Number,Annexure Date,Serial Number,Item Description,Quantity,Carried Forward Balance,Balance From Previous Annexure,Job Worker DC Number,Date,Item Description,Board Quantity,Nature of Process Done,Per Board,Consumption,Total Consumption,Balance,Balance C/F to Annexure,Returned,Scrap
2014252001,12/31/2014,1319,1/5/2015,1,998-CDC000017-M,395,111,1221,172,27-Jan-15,141-PCA000002-E,100,ASSEMBLY,2,200,460,46,1351,0,0
,,,,,,,,,174,28-Jan-15,141-PCA000002-E,60,ASSEMBLY,2,120,,,,,
,,,,,,,,,177,30-Jan-15,141-PCA000002-E,70,ASSEMBLY,2,140,,,,,
2014252001,12/31/2014,1319,1/5/2015,2,998-CPC000596-M,57,12,1162,269,14-Mar-15,170-PCA000084-E,25,ASSEMBLY,1,25,65,4,1639,0,0
,,,,,,,,,271,15-Mar-15,170-PCA000084-E,40,ASSEMBLY,1,40,,,,,
2014252001,12/31/2014,1319,1/5/2015,3,998-CPC000668-M,50,53,1216,,,,,,,,0,103,1333,0,0
2014252001,12/31/2014,1319,1/5/2015,4,999-BUC000002-E,25,0,,,,,,,,,0,1,28,24,0
2014252001,12/31/2014,1319,1/5/2015,5,999-CECSRX011-M,453,73,1221,275,16-Mar-15,170-PCA000084-E,60,ASSEMBLY,2,120,508,18,1907,0,0
,,,,,,,,,277,17-Mar-15,170-PCA000084-E,48,ASSEMBLY,2,96,,,,,
,,,,,,,,,287,18-Mar-15,170-PCA000003-E,1,ASSEMBLY,2,2,,,,,
,,,,,,,,,288,18-Mar-15,170-PCA000003-E,10,ASSEMBLY,2,20,,,,,
,,,,,,,,,286,18-Mar-15,170-PCA000084-E,7,ASSEMBLY,2,14,,,,,
,,,,,,,,,293,18-Mar-15,170-PCA000084-E,7,ASSEMBLY,2,14,,,,,
,,,,,,,,,292,19-Mar-15,170-PCA000003-E,22,ASSEMBLY,2,44,,,,,
,,,,,,,,,298,20-Mar-15,170-PCA000003-E,22,ASSEMBLY,2,44,,,,,
,,,,,,,,,301,23-Mar-15,170-PCA000003-E,15,ASSEMBLY,2,30,,,,,
,,,,,,,,,303,25-Mar-15,170-PCA000003-E,6,ASSEMBLY,2,12,,,,,
,,,,,,,,,312,26-Mar-15,170-PCA000003-E,4,ASSEMBLY,2,8,,,,,
,,,,,,,,,325,28-Mar-15,170-PCA000084-E,4,ASSEMBLY,2,8,,,,,
,,,,,,,,,356,30-Mar-15,170-PCA000003-E,16,ASSEMBLY,2,32,,,,,
,,,,,,,,,357,30-Mar-15,170-PCA000003-E,12,ASSEMBLY,2,24,,,,,
,,,,,,,,,358,30-Mar-15,170-PCA000003-E,20,ASSEMBLY,2,40,,,,,


,,Total Quantity,1229
,,Total Consumption,1033
,,Total Scrap,0
,,Total Returned,24
,,Total Balance,172
