Tejas Document Number,Document Date,Annexure Number,Annexure Date,Serial Number,Item Description,Quantity,Carried Forward Balance,Balance From Previous Annexure,Job Worker DC Number,Date,Item Description,Board Quantity,Nature of Process Done,Per Board,Consumption,Total Consumption,Balance,Balance C/F to Annexure,Returned,Scrap
2015204004,4/23/2015,136,4/23/2015,1,998-BBC000019-E,169,2,29,116,26-Jun-15,130-PCA000205-E,28,ASSEMBLY,1,28,149,0,,0,22
,,,,,,,,,121,30-Jun-15,130-PCA000205-E,11,ASSEMBLY,1,11,,,,,
,,,,,,,,,123,02-Jul-15,130-PCA000205-E,14,ASSEMBLY,1,14,,,,,
,,,,,,,,,128,07-Jul-15,130-PCA000205-E,34,ASSEMBLY,1,34,,,,,
,,,,,,,,,134,09-Jul-15,130-PCA000205-E,10,ASSEMBLY,1,10,,,,,
,,,,,,,,,153,20-Jul-15,130-PCA000205-E,16,ASSEMBLY,1,16,,,,,
,,,,,,,,,157,24-Jul-15,130-PCA000205-E,2,ASSEMBLY,1,2,,,,,
,,,,,,,,,170,31-Jul-15,130-PCA000205-E,5,ASSEMBLY,1,5,,,,,
,,,,,,,,,233,14-Jan-16,130-PCA000205-E,26,ASSEMBLY,1,26,,,,,
,,,,,,,,,241,19-Jan-16,130-PCA000205-E,3,ASSEMBLY,1,3,,,,,
2015204004,4/23/2015,136,4/23/2015,2,999-AKC000006-E,600,2110,1769,,,,,,,,0,2,292,2708,0
2015204004,4/23/2015,136,4/23/2015,3,999-AOC000016-E,168,0,1479,37,05-May-15,104-PCA000025-E,135,ASSEMBLY,1,135,166,0,,0,2
,,,,,,,,,39,13-May-15,104-PCA000025-E,5,ASSEMBLY,1,5,,,,,
,,,,,,,,,56,23-May-15,104-PCA000025-E,9,ASSEMBLY,1,9,,,,,
,,,,,,,,,90,11-Jun-15,104-PCA000001-E,8,ASSEMBLY,1,8,,,,,
,,,,,,,,,161,24-Jul-15,104-PCA000001-E,1,ASSEMBLY,1,1,,,,,
,,,,,,,,,156,24-Jul-15,104-PCA000025-E,2,ASSEMBLY,1,2,,,,,
,,,,,,,,,193,21-Sep-15,104-PCA000025-E,1,ASSEMBLY,1,1,,,,,
,,,,,,,,,231,13-Jan-16,104-PCA000001-E,2,ASSEMBLY,1,2,,,,,
,,,,,,,,,230,13-Jan-16,104-PCA000025-E,3,ASSEMBLY,1,3,,,,,
2015204004,4/23/2015,136,4/23/2015,4,999-BEC000028-E,80,19,1563,,,,,,,,0,0,,99,0
2015204004,4/23/2015,136,4/23/2015,5,999-BEC000053-E,138,55,120,,,,,,,,0,0,,192,1
2015204004,4/23/2015,136,4/23/2015,6,999-BPC000012-E,208,110,40,,,,,,,,0,0,,318,0
2015204004,4/23/2015,136,4/23/2015,7,999-CLC000554-E,120,73,1495,37,05-May-15,104-PCA000025-E,135,ASSEMBLY,1,135,166,0,,0,27
,,,,,,,,,39,13-May-15,104-PCA000025-E,5,ASSEMBLY,1,5,,,,,
,,,,,,,,,56,23-May-15,104-PCA000025-E,9,ASSEMBLY,1,9,,,,,
,,,,,,,,,90,11-Jun-15,104-PCA000001-E,8,ASSEMBLY,1,8,,,,,
,,,,,,,,,161,24-Jul-15,104-PCA000001-E,1,ASSEMBLY,1,1,,,,,
,,,,,,,,,156,24-Jul-15,104-PCA000025-E,2,ASSEMBLY,1,2,,,,,
,,,,,,,,,193,21-Sep-15,104-PCA000025-E,1,ASSEMBLY,1,1,,,,,
,,,,,,,,,231,13-Jan-16,104-PCA000001-E,2,ASSEMBLY,1,2,,,,,
,,,,,,,,,230,13-Jan-16,104-PCA000025-E,3,ASSEMBLY,1,3,,,,,


,,Total Quantity,3852
,,Total Consumption,481
,,Total Scrap,52
,,Total Returned,3317
,,Total Balance,2
