Tejas Document Number,Document Date,Annexure Number,Annexure Date,Serial Number,Item Description,Quantity,Carried Forward Balance,Balance From Previous Annexure,Job Worker DC Number,Date,Item Description,Board Quantity,Nature of Process Done,Per Board,Consumption,Total Consumption,Balance,Balance C/F to Annexure,Returned,Scrap
2014253338,1/17/2015,1378,1/17/2015,1,141-PCC000011-E,2,1,1240,,,,,,,,0,3,1419,0,0


,,Total Quantity,3
,,Total Consumption,0
,,Total Scrap,0
,,Total Returned,0
,,Total Balance,3
