Tejas Document Number,Document Date,Annexure Number,Annexure Date,Serial Number,Item Description,Quantity,Carried Forward Balance,Balance From Previous Annexure,Job Worker DC Number,Date,Item Description,Board Quantity,Nature of Process Done,Per Board,Consumption,Total Consumption,Balance,Balance C/F to Annexure,Returned,Scrap
2014254762,1/27/2015,1436,1/27/2015,1,110-CDA000003-M,5,6,1351,,,,,,,,0,11,1522,0,0
2014254762,1/27/2015,1436,1/27/2015,2,999-BGC000012-E,100,0,,,,,,,,,0,63,28,37,0


,,Total Quantity,111
,,Total Consumption,0
,,Total Scrap,0
,,Total Returned,37
,,Total Balance,74
