Tejas Document Number,Document Date,Annexure Number,Annexure Date,Serial Number,Item Description,Quantity,Carried Forward Balance,Balance From Previous Annexure,Job Worker DC Number,Date,Item Description,Board Quantity,Nature of Process Done,Per Board,Consumption,Total Consumption,Balance,Balance C/F to Annexure,Returned,Scrap
2014261311,2/23/2015,1681,2/23/2015,1,999-AYC000214-E,4950,1950,1611,,,,,,,,0,0,,6900,0
2014261311,2/23/2015,1681,2/23/2015,2,999-CAC000004-E,99,5,1647,,,,,,,,0,0,,96,8


,,Total Quantity,7004
,,Total Consumption,0
,,Total Scrap,8
,,Total Returned,6996
,,Total Balance,0
