Tejas Document Number,Document Date,Annexure Number,Annexure Date,Serial Number,Item Description,Quantity,Carried Forward Balance,Balance From Previous Annexure,Job Worker DC Number,Date,Item Description,Board Quantity,Nature of Process Done,Per Board,Consumption,Total Consumption,Balance,Balance C/F to Annexure,Returned,Scrap
2014269433,3/25/2015,1930,3/25/2015,1,999-CLC000249-E,200,12,1412,43,19-May-15,170-PCA000002-E,19,ASSEMBLY,2,38,186,26,120,0,0
,,,,,,,,,48,22-May-15,170-PCA000002-E,45,ASSEMBLY,2,90,,,,,
,,,,,,,,,55,23-May-15,170-PCA000002-E,4,ASSEMBLY,2,8,,,,,
,,,,,,,,,58,25-May-15,170-PCA000002-E,25,ASSEMBLY,2,50,,,,,


,,Total Quantity,212
,,Total Consumption,186
,,Total Scrap,0
,,Total Returned,0
,,Total Balance,26
