Tejas Document Number,Document Date,Annexure Number,Annexure Date,Serial Number,Item Description,Quantity,Carried Forward Balance,Balance From Previous Annexure,Job Worker DC Number,Date,Item Description,Board Quantity,Nature of Process Done,Per Board,Consumption,Total Consumption,Balance,Balance C/F to Annexure,Returned,Scrap
2014270569,3/29/2015,1960,3/29/2015,1,998-CDC000017-M,116,12,1351,,,,,,,,0,0,,128,0


,,Total Quantity,128
,,Total Consumption,0
,,Total Scrap,0
,,Total Returned,128
,,Total Balance,0
