Tejas Document Number,Document Date,Annexure Number,Annexure Date,Serial Number,Item Description,Quantity,Carried Forward Balance,Balance From Previous Annexure,Job Worker DC Number,Date,Item Description,Board Quantity,Nature of Process Done,Per Board,Consumption,Total Consumption,Balance,Balance C/F to Annexure,Returned,Scrap
2015206547,5/8/2015,225,5/8/2015,1,120-CGC000040-M,1000,4975,1843,,,,,,,,0,5975,238,0,0
2015206547,5/8/2015,225,5/8/2015,2,998-CPC000160-M,20,11,161,233,14-Jan-16,130-PCA000205-E,26,ASSEMBLY,1,26,31,0,,0,0
,,,,,,,,,236,19-Jan-16,170-PCA000003-E,2,ASSEMBLY,1,2,,,,,
,,,,,,,,,241,19-Jan-16,130-PCA000205-E,3,ASSEMBLY,1,3,,,,,
2015206547,5/8/2015,225,5/8/2015,3,999-BGC000062-E,103,0,,,,,,,,,0,0,,102,1


,,Total Quantity,6109
,,Total Consumption,31
,,Total Scrap,1
,,Total Returned,102
,,Total Balance,5975
