Tejas Document Number,Document Date,Annexure Number,Annexure Date,Serial Number,Item Description,Quantity,Carried Forward Balance,Balance From Previous Annexure,Job Worker DC Number,Date,Item Description,Board Quantity,Nature of Process Done,Per Board,Consumption,Total Consumption,Balance,Balance C/F to Annexure,Returned,Scrap
2015207101,5/11/2015,238,5/11/2015,1,120-CGC000040-M,3000,5975,225,,,,,,,,0,0,,0,8975


,,Total Quantity,8975
,,Total Consumption,0
,,Total Scrap,8975
,,Total Returned,0
,,Total Balance,0
