Tejas Document Number,Document Date,Annexure Number,Annexure Date,Serial Number,Item Description,Quantity,Carried Forward Balance,Balance From Previous Annexure,Job Worker DC Number,Date,Item Description,Board Quantity,Nature of Process Done,Per Board,Consumption,Total Consumption,Balance,Balance C/F to Annexure,Returned,Scrap
2015208716,5/19/2015,286,5/19/2015,1,999-AIC800005-E,100,46,1447,,,,,,,,0,0,,146,0


,,Total Quantity,146
,,Total Consumption,0
,,Total Scrap,0
,,Total Returned,146
,,Total Balance,0
