Tejas Document Number,Document Date,Annexure Number,Annexure Date,Serial Number,Item Description,Quantity,Carried Forward Balance,Balance From Previous Annexure,Job Worker DC Number,Date,Item Description,Board Quantity,Nature of Process Done,Per Board,Consumption,Total Consumption,Balance,Balance C/F to Annexure,Returned,Scrap
2015202334,4/15/2015,69,4/15/2015,1,999-AYC000144-E,50,2,34,,,,,,,,0,0,,0,52
2015202334,4/15/2015,69,4/15/2015,2,999-AZC000004-E,800,1157,1946,,,,,,,,0,0,,0,1957
2015202334,4/15/2015,69,4/15/2015,3,999-BVC000075-E,651,231,1946,,,,,,,,0,0,,881,1
2015202334,4/15/2015,69,4/15/2015,4,999-BVC000094-E,474,173,1946,,,,,,,,0,0,,610,37


,,Total Quantity,3538
,,Total Consumption,0
,,Total Scrap,2047
,,Total Returned,1491
,,Total Balance,0
