Annexure Number, Components List
1116,999-CAC000345-E
1211,102-CDC000015-M
1447,999-ADC837752-E
,999-AYC000225-E
1453,999-CAC000289-E
1523,999-CBC000046-E
1577,104-PCC000001-E
1578,999-AEC856751-E
,999-CAC000559-E
1647,999-CAC000001-E
1735,999-AIC000073-E
1736,999-CBC000010-E
1740,999-BEC000289-E
1907,998-CPC000095-M
,998-CPC000208-M
,999-CECSCX006-M
,999-CECSCX009-M
29,999-AYC000139-E
30,999-AYC595750-E
34,999-AJC000042-E
40,999-CECSPX006-M
119,999-ADCD87752-E
120,999-ARC000002-E
152,999-BCC000001-E
161,998-CPC000136-M
,999-CAC000323-E
,999-CECSMX016-M
,999-CHC000007-X
292,999-AXC000006-E
293,999-ADC000038-E
,999-CECSMX015-M
