Tejas Part Number,Qty shipping,DC ref,DC date
999-CLC000023-E,188,99,1/12/2015
999-CLC000180-E,100,105,1/28/2015
998-BZA000358-X,93,109,2/9/2015
999-ADC837752-E,12,109,2/9/2015
999-AOC000034-E,69,109,2/9/2015
999-AOC000034-E,76,109,2/9/2015
999-ACC000017-E ,320,112,2/16/2015
999-CAC000192-E,58,112,2/16/2015
999-CAC000222-E,60,114,2/20/2015
999-CAC001283-E,5,116,2/21/2015
998-CFC000024-M,54,117,2/24/2015
998-CFC000024-M,45,118,2/26/2015
999-CECSPX006-M,148,120,3/4/2015
999-CECWPS005-M,148,120,3/4/2015
999-AIC000006-E,4603,136,3/18/2015
999-AIC000007-E,300,136,3/18/2015
999-AIC000016-E,1290,136,3/18/2015
999-BCC000004-E,298,135,3/18/2015
999-BEC000139-E,332,136,3/18/2015
999-BEC000152-E,120,135,3/18/2015
999-BEC000155-E,849,135,3/18/2015
999-BEC000159-E,451,135,3/18/2015
999-BGC000002-E,132,136,3/18/2015
999-BJC000019-E,202,135,3/18/2015
999-BPC000008-E,806,135,3/18/2015
999-BPC000015-E,613,136,3/18/2015
999-BPC000047-E,475,135,3/18/2015
999-BRC000030-E,240,135,3/18/2015
999-BVC000003-E,651,136,3/18/2015
999-BVC000094-E,151,136,3/18/2015
999-CLC000001-E,1708,136,3/18/2015
999-CLC000002-E,983,136,3/18/2015
999-CLC000008-E,652,136,3/18/2015
999-CLC000009-E,1259,136,3/18/2015
999-CLC000013-E,388,136,3/18/2015
999-CLC000017-E,165,136,3/18/2015
999-CLC000054-E,880,136,3/18/2015
999-CLC000078-E,100,136,3/18/2015
999-CLC000081-E,651,135,3/18/2015
999-CLC000085-E,648,136,3/18/2015
999-CLC000091-E,795,135,3/18/2015
999-ACC317501-E,96000,139,3/19/2015
999-ACC338501-E,4000,140,3/19/2015
999-ADC000009-E,712,141,3/19/2015
999-ADCD87751-E,6500,140,3/19/2015
999-AHC926001-E,1998,140,3/19/2015
999-AKC000006-E,2708,138,3/19/2015
999-AXC000004-E,1482,141,3/19/2015
999-BCC000002-E,500,140,3/19/2015
999-BCC000004-E,1038,140,3/19/2015
999-BEC000139-E,450,140,3/19/2015
999-BEC000151-E,1500,140,3/19/2015
999-BEC000161-E,675,140,3/19/2015
999-BPC000047-E,576,140,3/19/2015
999-BRC000030-E,435,140,3/19/2015
999-BUC000001-E,652,140,3/19/2015
999-CAC000001-E,882,141,3/19/2015
999-CAC000004-E,652,141,3/19/2015
999-CAC000006-E,1304,141,3/19/2015
999-CAC000054-E,806,141,3/19/2015
999-CAC000069-E,682,139,3/19/2015
999-CAC000106-E,659,141,3/19/2015
999-CAC000192-E,1374,141,3/19/2015
999-CAC000312-E,762,141,3/19/2015
999-CAC000323-E,726,141,3/19/2015
999-CJC000005-E,672,141,3/19/2015
999-CLC000017-E,118,140,3/19/2015
999-CLC000091-E,1600,140,3/19/2015
998-BZA000006-X,5,142,3/20/2015
998-BZA000364-X,15,142,3/20/2015
999-ABC000001-E,1033,144,3/20/2015
999-ACC000002-E,1040,143,3/20/2015
999-ACC000013-E,1005,144,3/20/2015
999-ACC000017-E,10577,143,3/20/2015
999-ACC000029-E,5053,143,3/20/2015
999-ACC000029-E,1046,144,3/20/2015
999-ACC000072-E,70,144,3/20/2015
999-ACC315001-E,3202,143,3/20/2015
999-ACC315503-E,198,143,3/20/2015
999-ACC315503-E,929,144,3/20/2015
999-ACC316028-E,1814,143,3/20/2015
999-ACC316028-E,2270,144,3/20/2015
999-ACC316504-E,4804,143,3/20/2015
999-ACC316504-E,3465,144,3/20/2015
999-ACC317501-E,488,143,3/20/2015
999-ACC318501-E,136,144,3/20/2015
999-ACC338501-E,1517,144,3/20/2015
999-ACC7C6501-E,353,144,3/20/2015
999-AHC926001-E,178,144,3/20/2015
999-AYC000114-E,877,143,3/20/2015
999-AYC000140-E,5926,143,3/20/2015
999-AYC000141-E,908,143,3/20/2015
999-AYC000144-E,500,143,3/20/2015
999-AYC393001-E,10876,143,3/20/2015
999-AYC393252-E,7014,143,3/20/2015
999-AYC393252-E,6260,144,3/20/2015
999-AYC393501-E,1515,143,3/20/2015
999-AYC393501-E,243,144,3/20/2015
999-AYC395251-E,7978,144,3/20/2015
999-AYC395252-E,6929,144,3/20/2015
999-AYC395255-E,1125,144,3/20/2015
999-AYC395256-E,5401,144,3/20/2015
999-AYC395259-E,5212,144,3/20/2015
999-AYC395261-E,2754,143,3/20/2015
999-AYC395261-E,150,144,3/20/2015
999-AYC395265-E,1034,143,3/20/2015
999-AYC395265-E,871,144,3/20/2015
999-AYC395266-E,1216,143,3/20/2015
999-AYC395269-E,3247,144,3/20/2015
999-AYC395273-E,644,143,3/20/2015
999-AYC395500-E,4321,144,3/20/2015
999-AYC395501-E,4962,144,3/20/2015
999-AYC395502-E,11895,143,3/20/2015
999-AYC395521-E,2452,143,3/20/2015
999-AYC395534-E,625,143,3/20/2015
999-AYC395750-E,1289,143,3/20/2015
999-AYC595500-E,701,144,3/20/2015
999-AYC595750-E,6509,143,3/20/2015
999-AYC595750-E,50,144,3/20/2015
999-AZC000001-E,1786,143,3/20/2015
999-AZC000001-E,801,144,3/20/2015
999-AZC000004-E,3667,143,3/20/2015
999-AZC000004-E,8094,144,3/20/2015
999-BCC000001-E,802,144,3/20/2015
999-BCC000004-E,5,143,3/20/2015
999-BEC000151-E,1145,143,3/20/2015
999-BEC000152-E,580,144,3/20/2015
999-BEC000155-E,150,144,3/20/2015
999-BEC000159-E,61,143,3/20/2015
999-BEC000159-E,270,144,3/20/2015
999-BGC000002-E,1363,143,3/20/2015
999-BGC000002-E,452,144,3/20/2015
999-BHC000001-E,3894,143,3/20/2015
999-BJC000019-E,714,144,3/20/2015
999-BPC000008-E,491,144,3/20/2015
999-BVC000075-E,651,143,3/20/2015
999-BVC000094-E,474,143,3/20/2015
999-CAC000193-E,1200,144,3/20/2015
999-CAC000222-E ,15,142,3/20/2015
999-CBC000001-E,2575,144,3/20/2015
999-CBC000049-E,3150,144,3/20/2015
999-CLC000001-E,2795,144,3/20/2015
999-CLC000002-E,221,144,3/20/2015
999-CLC000017-E,368,143,3/20/2015
999-CLC000078-E,265,143,3/20/2015
999-CLC000078-E,265,144,3/20/2015
999-CLC000091-E,800,144,3/20/2015
999-BEC000233-E,40,151,3/31/2015
999-BTC000004-E,104,151,3/31/2015
999-BCC000001-E,1800,2,4/1/2015
999-BEC000029-E,936,2,4/1/2015
999-BEC000155-E,288,2,4/1/2015
999-BEC000166-E,767,2,4/1/2015
999-BEC000236-E,168,2,4/1/2015
999-BEC000287-E,195,2,4/1/2015
999-BEC000289-E,168,2,4/1/2015
999-BGC000057-E,170,2,4/1/2015
999-BGC000092-E,250,2,4/1/2015
999-BGC000099-E,180,2,4/1/2015
999-BPC000077-E,108,2,4/1/2015
999-BPC000111-E,125,2,4/1/2015
999-BPC000114-E,1430,2,4/1/2015
999-BRC000047-E,171,2,4/1/2015
999-BVC000001-E,500,2,4/1/2015
999-BVC000036-E,540,2,4/1/2015
999-BVC000096-E,402,2,4/1/2015
999-BVC000169-E,324,2,4/1/2015
999-CAC000008-E,900,2,4/1/2015
999-CAC000173-E,648,2,4/1/2015
999-CAC000192-E,1054,2,4/1/2015
999-CAC000193-E,1172,2,4/1/2015
999-CAC000286-E,941,2,4/1/2015
999-CAC000352-E,368,2,4/1/2015
999-CAC000366-E,414,2,4/1/2015
999-CAC000659-E,300,2,4/1/2015
999-CAC000683-E,320,2,4/1/2015
999-CAC000684-E,968,2,4/1/2015
999-CBC000001-E,3000,2,4/1/2015
999-CBC000028-E,150,2,4/1/2015
999-CBC000029-E,371,2,4/1/2015
999-CBC000046-E,1000,2,4/1/2015
999-CJC000001-E,150,2,4/1/2015
999-CLC000076-E,300,2,4/1/2015
999-CLC000077-E,150,2,4/1/2015
999-CLC000128-E,200,2,4/1/2015
999-CLC000141-E,346,2,4/1/2015
999-CLC000162-E,150,2,4/1/2015
999-CLC000177-E,150,2,4/1/2015
999-CLC000178-E,1425,2,4/1/2015
999-CLC000180-E,900,2,4/1/2015
999-CLC000224-E,785,2,4/1/2015
141-CCA000015-M,130,11,4/4/2015
141-CGC000021-M,130,11,4/4/2015
141-CGC000022-M,130,11,4/4/2015
141-PCC000001-E,402,12,4/4/2015
160-CDC000068-M,130,11,4/4/2015
170-PCC000019-E,12,12,4/4/2015
998-CDC000017-M,260,11,4/4/2015
999-ABC000001-E,11613,8,4/4/2015
999-ABC000005-E,982,8,4/4/2015
999-ABC000006-E,2227,8,4/4/2015
999-ABC000007-E,7189,8,4/4/2015
999-ABC000010-E,1858,8,4/4/2015
999-ACC000010-E,11311,7,4/4/2015
999-ACC000012-E,1071,7,4/4/2015
999-ACC000013-E,22000,7,4/4/2015
999-ACC000022-E,372,7,4/4/2015
999-ACC000023-E,6756,7,4/4/2015
999-ACC000035-E,1480,7,4/4/2015
999-ACC000045-E,432,7,4/4/2015
999-ACC000050-E,14277,7,4/4/2015
999-ACC000051-E,899,7,4/4/2015
999-ACC000052-E,314364,7,4/4/2015
999-ACC000053-E,5978,7,4/4/2015
999-ACC000070-E,3057,7,4/4/2015
999-ACC000078-E,1444,7,4/4/2015
999-ACC000092-E,200,7,4/4/2015
999-ACC000100-E,30289,7,4/4/2015
999-ACC000106-E,2388,7,4/4/2015
999-ACC000124-E,3000,7,4/4/2015
999-ACC000128-E,1000,7,4/4/2015
999-ACC000142-E,300,7,4/4/2015
999-ACC000174-E,170,7,4/4/2015
999-ACC000187-E,9300,7,4/4/2015
999-ACC000189-E,4067,7,4/4/2015
999-ACC000191-E,270,7,4/4/2015
999-ACC000208-E,1502,7,4/4/2015
999-ACC000232-E,36640,7,4/4/2015
999-ACC315026-E,47,7,4/4/2015
999-ACC315502-E,425,7,4/4/2015
999-ACC316026-E,263,7,4/4/2015
999-ACC316027-E,789,7,4/4/2015
999-ACC326026-E,200,7,4/4/2015
999-ACC326502-E,2548,7,4/4/2015
999-ACC326503-E,2843,7,4/4/2015
999-ACC326504-E,2779,7,4/4/2015
999-ADC000001-E,304,9,4/4/2015
999-ADCD87752-E,1500,9,4/4/2015
999-AHC926001-E,816,9,4/4/2015
999-AHCA16001-E,1000,9,4/4/2015
999-AIC000023-E,3290,9,4/4/2015
999-AIC000073-E,260,9,4/4/2015
999-AIC000077-E,2657,9,4/4/2015
999-AJC000017-E,296,9,4/4/2015
999-AOC000066-E,283,9,4/4/2015
999-AOC000069-E,175,9,4/4/2015
999-AOC000086-E,181,9,4/4/2015
999-AYC000010-E,1680,8,4/4/2015
999-AYC000023-E,413,8,4/4/2015
999-AYC000050-E,7181,8,4/4/2015
999-AYC000052-E,189,8,4/4/2015
999-AYC000061-E,5021,8,4/4/2015
999-AYC000090-E,530,8,4/4/2015
999-AYC000184-E,2527,8,4/4/2015
999-AYC000200-E,6837,8,4/4/2015
999-AYC000203-E,2882,8,4/4/2015
999-AYC000204-E,8434,8,4/4/2015
999-AYC000205-E,51323,8,4/4/2015
999-AYC000207-E,4350,8,4/4/2015
999-AYC000210-E,11461,8,4/4/2015
999-AYC000214-E,6700,8,4/4/2015
999-AYC000216-E,29908,8,4/4/2015
999-AYC000217-E,4966,8,4/4/2015
999-AYC000229-E,674,8,4/4/2015
999-AYC000263-E,200,8,4/4/2015
999-AYC000285-E,133,8,4/4/2015
999-AYC000306-E,8956,8,4/4/2015
999-AYC000331-E,314,8,4/4/2015
999-AYC000339-E,40383,8,4/4/2015
999-AYC000367-E,246,8,4/4/2015
999-AYC000382-E,591,8,4/4/2015
999-AYC000392-E,609,8,4/4/2015
999-AYC393502-E,9251,8,4/4/2015
999-AYC393514-E,666,8,4/4/2015
999-AYC395001-E,15000,8,4/4/2015
999-AYC395251-E,79382,8,4/4/2015
999-AYC395254-E,7227,8,4/4/2015
999-AYC395255-E,7132,8,4/4/2015
999-AYC395256-E,39,8,4/4/2015
999-AYC395257-E,450,8,4/4/2015
999-AYC395259-E,95000,8,4/4/2015
999-AYC395261-E,1308,8,4/4/2015
999-AYC395268-E,1240,8,4/4/2015
999-AYC395288-E,8533,8,4/4/2015
999-AYC395503-E,445,8,4/4/2015
999-AYC395514-E,479,8,4/4/2015
999-AYC395520-E,418,8,4/4/2015
999-AYC395522-E,139,8,4/4/2015
999-CECSCX006-M,260,9,4/4/2015
999-CECSPX007-M,260,9,4/4/2015
999-CFC000101-M,260,10,4/4/2015
998-CPC000668-M,130,14,4/6/2015
998-CPC000673-M,130,14,4/6/2015
998-CPC000740-M,130,14,4/6/2015
999-BVC000001-E,500,26,4/10/2015
999-BVC000096-E,402,26,4/10/2015
999-BVC000169-E,324,26,4/10/2015
999-CLC000076-E,301,26,4/10/2015
999-CLC000141-E,246,26,4/10/2015
999-CLC000180-E,890,26,4/10/2015
999-ACC000029-E,400,28,4/11/2015
999-ACC000189-E,100,29,4/11/2015
999-AIC000073-E,145,29,4/11/2015
"
999-AYC000144-E",50,28,4/11/2015
999-AYC000263-E,666,29,4/11/2015
999-AYC000266-E,559,29,4/11/2015
999-AYC000372-E,200,29,4/11/2015
999-AYC000373-E,749,29,4/11/2015
999-AYC393512-E,1300,29,4/11/2015
999-AYC395251-E,10450,29,4/11/2015
999-AYC395259-E,3000,28,4/11/2015
999-AYC395261-E,400,29,4/11/2015
999-AYC395514-E,467,29,4/11/2015
999-AYC395525-E,470,29,4/11/2015
999-AZC000001-E,1500,28,4/11/2015
999-AZC000004-E,800,28,4/11/2015
999-AZC000004-E,4069,29,4/11/2015
999-AZC000006-E,2185,29,4/11/2015
999-BVC000075-E,651,28,4/11/2015
999-BVC000094-E,474,28,4/11/2015
999-CMC000137-E,672,29,4/11/2015
999-BRC000048-E,150,44,4/21/2015
999-CAC000100-E,100,44,4/21/2015
999-AYC393252-E,750,53,4/27/2015
999-AYC000144-E,500,58,5/4/2015
999-AZC000004-E,800,58,5/4/2015
999-BVC000075-E,651,58,5/4/2015
999-BVC000094-E,474,58,5/4/2015
999-AIC000080-E,2778,59,5/7/2015
999-BEC000139-E,444,61,5/8/2015
999-BRC000038-E  ,4,62,5/11/2015
140-CDA000016-M,7,63,5/12/2015
140-CGC000009-M,7,63,5/12/2015
999-AIC000016-E,4,64,5/12/2015
999-AXC000048-E,2,64,5/12/2015
999-AXC000060-E,3,64,5/12/2015
999-CAC000684-E,2,64,5/12/2015
999-CLC000180-E,5,64,5/12/2015
130-PCC000021-E,35,69,5/13/2015
130-PCC000053-E,69,69,5/13/2015
141-PCC000011-E,361,69,5/13/2015
999-BEC000233-E,39,69,5/13/2015
120-CGC000010-M,20,72,5/14/2015
160-CDC000049-M,33,72,5/14/2015
999-AIC000006-E,16000,72,5/14/2015
999-AOC000066-E,196,72,5/14/2015
999-AOC000069-E,230,72,5/14/2015
999-BEC000026-E,61,72,5/14/2015
999-BEC000089-E,60,72,5/14/2015
999-BEC000093-E,170,72,5/14/2015
999-BEC000111-E,123,72,5/14/2015
999-BEC000177-E,769,72,5/14/2015
999-BEC000236-E,140,72,5/14/2015
999-BEC000259-E,426,72,5/14/2015
999-BEC000287-E,235,72,5/14/2015
999-BEC000289-E,250,72,5/14/2015
999-BGC000053-E,70,72,5/14/2015
999-BGC000083-E,22,72,5/14/2015
999-BVC000069-E,129,72,5/14/2015
999-BVC000167-E,35,72,5/14/2015
999-CAC000059-E,220,72,5/14/2015
999-CAC000276-E,50,72,5/14/2015
999-CAC000278-E,206,72,5/14/2015
999-CAC000289-E,249,72,5/14/2015
999-CAC000336-E,65,72,5/14/2015
999-CAC000556-E,728,72,5/14/2015
999-CAC000659-E,552,72,5/14/2015
999-CFC000072-M,359,72,5/14/2015
999-CKC000053-E,20,72,5/14/2015
999-CLC000077-E,446,72,5/14/2015
999-CLC000096-E,260,72,5/14/2015
999-COC000012-E,62,72,5/14/2015
998-CPC000049-M,182,75,5/15/2015
999-AIC800005-E,100,87,5/22/2015
999-BGC000099-E,70,94,6/1/2015
999-BPC000114-E,936,94,6/1/2015
115-PCC000013-E,71,99,6/5/2015
141-PCC000001-E,16,99,6/5/2015
401-PCC000007-E,24,99,6/5/2015
999-ACC000010-E,1390,97,6/5/2015
999-ACC000048-E,275,97,6/5/2015
999-ACC000050-E,37132,97,6/5/2015
999-ACC000053-E,12166,97,6/5/2015
999-ACC000081-E,23400,97,6/5/2015
999-AHCA16001-E,1790,97,6/5/2015
999-AIC000090-E,18,97,6/5/2015
999-AYC000200-E,11398,97,6/5/2015
999-AYC000205-E,46986,97,6/5/2015
999-AYC000210-E,2500,97,6/5/2015
999-AYC000214-E,200,97,6/5/2015
999-AYC000216-E,1335,97,6/5/2015
999-AYC000382-E,153,97,6/5/2015
999-BEC000116-E,114,98,6/5/2015
999-BEC000117-E,22,98,6/5/2015
999-BEC000119-E,69,98,6/5/2015
999-BEC000122-E,270,98,6/5/2015
999-BEC000141-E,261,98,6/5/2015
999-BEC000142-E,178,98,6/5/2015
999-BEC000143-E,11,98,6/5/2015
999-BEC000144-E,109,98,6/5/2015
999-BEC000147-E,14,98,6/5/2015
999-BEC000205-E,35,98,6/5/2015
999-BEC000235-E,126,98,6/5/2015
999-BGC000092-E,165,98,6/5/2015
999-BPC000037-E,87,97,6/5/2015
999-BPC000038-E,9,98,6/5/2015
999-BPC000052-E,19,98,6/5/2015
999-BPC000053-E,85,97,6/5/2015
999-BVC000007-E,368,97,6/5/2015
999-BVC000036-E,15,97,6/5/2015
999-BVC000086-E,104,97,6/5/2015
999-BVC000088-E,69,97,6/5/2015
999-CAC000008-E,189,99,6/5/2015
999-CAC000352-E,42,99,6/5/2015
999-CAC000419-E,45,99,6/5/2015
999-CBC000092-E,120,98,6/5/2015
999-CKC000021-E,558,97,6/5/2015
999-CKC000022-E,75,99,6/5/2015
999-CKC000023-E,362,99,6/5/2015
999-CLC000128-E,210,97,6/5/2015
999-CLC000162-E,261,97,6/5/2015
999-CLC000169-E,313,97,6/5/2015
999-CLC000180-E,513,97,6/5/2015
999-CMCT00054-E,224,98,6/5/2015
999-BKC000017-E,163,105,6/11/2015
999-BEC000080-E,90,110,6/16/2015
999-AHC926001-E,1333,120,6/26/2015
001-PCC000027-E,14,132,7/2/2015
999-BGC000050-E,134,132,7/2/2015
999-BJC000008-E,456,132,7/2/2015
999-BRC000038-E,126,132,7/2/2015
999-BTC000006-E,102,132,7/2/2015
999-AYC000444-E,251,136,7/7/2015
999-BEC000292-E,5,136,7/7/2015
999-CAC000054-E,380,136,7/7/2015
999-AOC000086-E,111,141,7/13/2015
999-CAC000413-E,123,141,7/13/2015
999-AHC916751-E,9829,146,7/20/2015
999-BEC000107-E,56,146,7/20/2015
999-BEC000139-E,82,146,7/20/2015
999-CLC000008-E,72,146,7/20/2015
999-CLC000078-E,301,146,7/20/2015
999-CLC000081-E,315,146,7/20/2015
999-CLC000089-E,475,146,7/20/2015
999-CMC000027-E,165,149,7/24/2015
999-CAC000054-E,10,154,7/31/2015
130-PCC000029-E,50,159,8/5/2015
130-PCC000053-E,1,159,8/5/2015
999-BEC000089-E,55,159,8/5/2015
999-BEC000093-E,154,159,8/5/2015
999-BGC000052-E,105,159,8/5/2015
999-BKC000021-E,131,159,8/5/2015
999-BUC000008-E,247,159,8/5/2015
999-CAC000254-E,798,159,8/5/2015
999-CAC000309-E,110,159,8/5/2015
999-ACC000138-E,318,164,8/10/2015
999-ACC000170-E,133,164,8/10/2015
999-ADC000009-E,175,164,8/10/2015
999-AIC800005-E,46,164,8/10/2015
999-AJC000015-E,15,164,8/10/2015
999-ARC000003-E,30,164,8/10/2015
999-AXC000001-E,80,164,8/10/2015
999-AXC000046-E,50,164,8/10/2015
999-AXC000094-E,93,164,8/10/2015
999-AYC000158-E,92,164,8/10/2015
999-AYC000316-E,1040,164,8/10/2015
999-BBC000020-E,94,164,8/10/2015
999-BCC000001-E,23,164,8/10/2015
999-BPC000056-E,200,164,8/10/2015
999-CAC000001-E,786,164,8/10/2015
999-CAC000006-E,117,164,8/10/2015
999-CAC000054-E,79,164,8/10/2015
999-CAC000323-E,63,164,8/10/2015
999-CAC000784-E,25,164,8/10/2015
999-CLC000002-E,387,164,8/10/2015
999-CLC000207-E,60,164,8/10/2015
999-ACC000116-E,359,170,8/17/2015
999-AHC916751-E,13573,170,8/17/2015
999-AIC000061-E,17,170,8/17/2015
999-CAC000121-E,31,170,8/17/2015
999-CAC000178-E,14,170,8/17/2015
999-ACC000189-E,60,172,8/19/2015
999-ACCE17751-E,230,172,8/19/2015
999-AHC000001-E,555,172,8/19/2015
999-AHC916751-E,496,172,8/19/2015
999-AIC000042-E,880,172,8/19/2015
999-BCC000004-E,2287,172,8/19/2015
999-BRC000030-E,60,172,8/19/2015
999-CAC000178-E,7,172,8/19/2015
999-CAC000328-E,888,172,8/19/2015
999-CBC000092-E,18,172,8/19/2015
999-CLC000054-E,605,172,8/19/2015
999-CLC000091-E,785,172,8/19/2015
999-CLC000155-E,16,172,8/19/2015
999-CLC000158-E,24,172,8/19/2015
999-CLC000182-E,120,172,8/19/2015
999-CLC000228-E,2,172,8/19/2015
001-PCC000027-E,120,182,9/4/2015
115-CGC000019-M,15,182,9/4/2015
160-PCC000042-E ,10,182,9/4/2015
999-ABC000005-E,2573,182,9/4/2015
999-ABC000010-E,3065,182,9/4/2015
999-ACC000013-E,13701,182,9/4/2015
999-ACC000026-E,4549,182,9/4/2015
999-ACC000062-E,117,182,9/4/2015
999-ACC000100-E,8255,182,9/4/2015
999-ACC000232-E,17906,182,9/4/2015
999-ACC315502-E,1027,182,9/4/2015
999-AIC000065-E,1299,182,9/4/2015
999-AJC000009-E,276,182,9/4/2015
999-AXC000044-E,140,182,9/4/2015
999-AYC000556-E,127,182,9/4/2015
999-BEC000107-E,7,182,9/4/2015
999-BEC000144-E,5,182,9/4/2015
999-BEC000155-E,365,182,9/4/2015
999-BEC000302-E,83,182,9/4/2015
999-BGC000053-E,15,182,9/4/2015
999-BRC000016-E,45,182,9/4/2015
999-CAC000061-E,127,182,9/4/2015
999-CAC000189-E,17,182,9/4/2015
999-CAC000667-E,35,182,9/4/2015
999-CKC000138-E,47,182,9/4/2015
999-CMCT00050-E,10,182,9/4/2015
999-ACC000022-E,272,186,9/8/2015
999-ACC327501-E,11985,185,9/8/2015
999-ACC757502-E,137,185,9/8/2015
999-ACC757503-E,108,185,9/8/2015
999-ADC000001-E,137,185,9/8/2015
999-AHC000005-E,536,185,9/8/2015
999-AHC000006-E,332,185,9/8/2015
999-AIC000001-E,1192,185,9/8/2015
999-AIC000006-E,1872,185,9/8/2015
999-AJC000025-E,219,185,9/8/2015
999-ARC000011-E,642,185,9/8/2015
999-AXC000020-E,350,185,9/8/2015
999-AYC000010-E,31,185,9/8/2015
999-AYC000061-E,215,186,9/8/2015
999-AYC000108-E,880,185,9/8/2015
999-AYC000339-E,19082,185,9/8/2015
999-AYC393512-E,237,185,9/8/2015
999-AYC395251-E,66113,185,9/8/2015
999-AYC395254-E,927,185,9/8/2015
999-AZC000010-E,680,186,9/8/2015
999-BEC000143-E,11,185,9/8/2015
999-BEC000143-E,11,186,9/8/2015
999-BEC000146-E,397,185,9/8/2015
999-BEC000150-E,104,186,9/8/2015
999-BGC000002-E,598,185,9/8/2015
999-BGC000035-E,44,185,9/8/2015
999-BGC000093-E,100,185,9/8/2015
999-BHC000001-E,229,185,9/8/2015
999-BPC000012-E,318,185,9/8/2015
999-BPC000026-E,157,185,9/8/2015
999-BVC000001-E,93,186,9/8/2015
999-BVC000002-E,393,186,9/8/2015
999-BVC000003-E,39,186,9/8/2015
999-CAC000161-E,374,186,9/8/2015
999-CAC000378-E,46,186,9/8/2015
999-CIC000040-E,23,186,9/8/2015
999-CLC000013-E,235,186,9/8/2015
999-CLC000018-E,55,186,9/8/2015
999-CLC000029-E,105,186,9/8/2015
999-CLC000076-E,275,186,9/8/2015
999-CLC000084-E,122,186,9/8/2015
999-CLC000085-E,355,186,9/8/2015
999-CLC000095-E,306,186,9/8/2015
999-CLC000115-E,180,186,9/8/2015
999-CLC000134-E,7,186,9/8/2015
999-CLC000161-E,128,186,9/8/2015
999-CLC000173-E,238,186,9/8/2015
999-CLC000177-E,152,186,9/8/2015
999-CLC000200-E,179,186,9/8/2015
999-CLC000249-E,199,186,9/8/2015
999-CLC000293-E,116,186,9/8/2015
160-PCC000042-E XC22G PCBS,4,190,9/10/2015
170-PCC000065-E OFA BARE PCBS,38,197,9/19/2015
140-CDC000014-M,10,200,9/24/2015
140-CGC000001-M,10,200,9/24/2015
140-CGC000002-M,10,200,9/24/2015
140-CGC000004-M,10,200,9/24/2015
140-CGC000009-E,10,200,9/24/2015
140-CGC000020-E,10,200,9/24/2015
141-CCA000003-M,41,201,9/24/2015
141-CGC000003-M,36,201,9/24/2015
160-CDC000068-M,41,201,9/24/2015
170-CGC000058-M,75,200,9/24/2015
998-BBC000006-E,24,200,9/24/2015
998-CDC000017-M,76,201,9/24/2015
999-ABC000001-E,369,201,9/24/2015
999-ABC000007-E,162,201,9/24/2015
999-ABC000010-E,164,201,9/24/2015
999-ACC000022-E,41,201,9/24/2015
999-ACC000023-E,1026,201,9/24/2015
999-ACC000048-E,2218,201,9/24/2015
999-ACC000050-E,390,201,9/24/2015
999-ACC000052-E,5248,201,9/24/2015
999-ACC000053-E,1774,201,9/24/2015
999-ACC000060-E,390,201,9/24/2015
999-ACC000073-E,217,201,9/24/2015
999-ACC000081-E,2817,201,9/24/2015
999-ACC000100-E,4000,201,9/24/2015
999-ACC000103-E,41,201,9/24/2015
999-ACC000138-E,146,201,9/24/2015
999-ACC000142-E,195,201,9/24/2015
999-ACC000172-E,41,201,9/24/2015
999-ACC000232-E,2666,201,9/24/2015
999-ACC316028-E,175,201,9/24/2015
999-ACC326502-E,1098,201,9/24/2015
999-ACC326504-E,2775,201,9/24/2015
999-ADC000031-E,62,200,9/24/2015
999-ADC000031-E,28,200,9/24/2015
999-AHCA16001-E,82,201,9/24/2015
999-AIC000006-E,1968,201,9/24/2015
999-AJC000008-E,41,201,9/24/2015
999-AJC000021-E,9,200,9/24/2015
999-AJC000042-E,44,200,9/24/2015
999-AXC000020-E,41,201,9/24/2015
999-AXC000126-E,23,200,9/24/2015
999-AXC000127-E,5,200,9/24/2015
999-AXC800004-E,122,200,9/24/2015
999-AXC800004-E,164,200,9/24/2015
999-AYC000028-E,1100,201,9/24/2015
999-AYC000073-E,80,201,9/24/2015
999-AYC000090-E,45,201,9/24/2015
999-AYC000184-E,173,201,9/24/2015
999-AYC000306-E,651,201,9/24/2015
999-AYC000339-E,2831,201,9/24/2015
999-AYC000340-E,198,201,9/24/2015
999-AYC000360-E,382,201,9/24/2015
999-AYC000373-E,25,201,9/24/2015
999-AYC393502-E,475,201,9/24/2015
999-AYC395001-E,812,201,9/24/2015
999-AYC395251-E,10000,201,9/24/2015
999-AYC395252-E,49,201,9/24/2015
999-AYC395253-E,404,201,9/24/2015
999-AYC395259-E,499,201,9/24/2015
999-AYC395288-E,3162,201,9/24/2015
999-AYC395514-E,210,201,9/24/2015
999-AYC395518-E,1190,201,9/24/2015
999-AYC395520-E,449,201,9/24/2015
999-AYC395535-E,477,201,9/24/2015
999-AYC593501-E,635,201,9/24/2015
999-BCC000004-E,648,201,9/24/2015
999-BEC000177-E,82,201,9/24/2015
999-BEC000259-E,39,201,9/24/2015
999-BJC000008-E,41,201,9/24/2015
999-BTC000002-E,94,200,9/24/2015
999-BVC000002-E,41,201,9/24/2015
999-BVC000007-E,41,201,9/24/2015
999-CAC000004-E,41,201,9/24/2015
999-CAC000008-E,41,201,9/24/2015
999-CAC000125-E,28,200,9/24/2015
999-CAC000128-E,20,200,9/24/2015
999-CAC000161-E,41,201,9/24/2015
999-CAC000242-E,5,200,9/24/2015
999-CAC000556-E,82,201,9/24/2015
999-CAC000597-E,12,200,9/24/2015
999-CAC000659-E,41,201,9/24/2015
999-CAC000684-E,59,200,9/24/2015
999-CAC001283-E,169,200,9/24/2015
999-CBC000001-E,21,201,9/24/2015
999-CBC000046-E,38,201,9/24/2015
999-CBC000053-E,9,200,9/24/2015
999-CECSCX006-M,82,201,9/24/2015
999-CECSCX045-M,98,200,9/24/2015
999-CECSMX012-M,97,200,9/24/2015
999-CECSMX013-M,68,200,9/24/2015
999-CECSMX015-M,147,200,9/24/2015
999-CECSMX015-M,41,201,9/24/2015
999-CECSMX016-M,13,200,9/24/2015
999-CECSMX020-M,25,200,9/24/2015
999-CECSMX021-M,135,200,9/24/2015
999-CECSPP016-M,10,200,9/24/2015
999-CECSPP029-M,26,200,9/24/2015
999-CECSPP070-M,10,200,9/24/2015
999-CECSPX003-M,37,200,9/24/2015
999-CECSPX007-M,82,201,9/24/2015
999-CECSPX008M,490,200,9/24/2015
999-CECWPS000-M,35,200,9/24/2015
999-CFC000044-M,82,201,9/24/2015
999-CFC000072-M,41,201,9/24/2015
999-CIC000040-E,82,201,9/24/2015
999-CKC000021-E,41,201,9/24/2015
999-CKC000023-E,41,201,9/24/2015
999-CLC000001-E,41,201,9/24/2015
999-CLC000014-E,41,201,9/24/2015
999-CLC000054-E,41,201,9/24/2015
999-CLC000114-E,41,201,9/24/2015
999-CLC000178-E,5,201,9/24/2015
999-CMCT00050-E,215,201,9/24/2015
001-PCC000044-E,40,203,9/28/2015
110-CGC000006-M,5,203,9/28/2015
110-CGC000037-M,2,203,9/28/2015
111-CGC000012-M,3,203,9/28/2015
130-CDC000115-M,2,203,9/28/2015
130-CGC000120-M,2,203,9/28/2015
141-CGC000003-M,4,203,9/28/2015
141-CGC000003-M,13,203,9/28/2015
141-CGC000021-M,20,203,9/28/2015
141-CGC000022-M,10,203,9/28/2015
160-CDC000049-M,43,203,9/28/2015
160-CDC000064-M,7,203,9/28/2015
160-CDC000068-M,26,203,9/28/2015
170-CCA000032-M,42,203,9/28/2015
170-CCA000033-M,6,203,9/28/2015
170-CCA000033-M,1,203,9/28/2015
170-CGC000006-M,7,203,9/28/2015
170-CGC000051-M,3,203,9/28/2015
170-CGC000056-M,24,203,9/28/2015
170-CGC000059-M,12,203,9/28/2015
170-CGC000098-M,37,203,9/28/2015
170-CGC000098-M,6,203,9/28/2015
170-CGC000098-M,3,203,9/28/2015
998-BBC000002-E,23,203,9/28/2015
998-CPC000011-M,45,203,9/28/2015
999-ACCC57751-E,21,203,9/28/2015
999-ACCH27001-E,242,203,9/28/2015
999-ADC000018-E,1,203,9/28/2015
999-ADC000030-E,68,203,9/28/2015
999-ADC000031-E,35,203,9/28/2015
999-ADCD87751-E,337,203,9/28/2015
999-ADCD87751-E,442,203,9/28/2015
999-ADCD87752-E,1390,203,9/28/2015
999-ADCD87752-E,1265,203,9/28/2015
999-AGC844501-E,10,203,9/28/2015
999-AHC926750-E,50,203,9/28/2015
999-AJC000008-E,31,203,9/28/2015
999-AJC000008-E,390,203,9/28/2015
999-AJC000017-E,190,203,9/28/2015
999-AJC000017-E,180,203,9/28/2015
999-AJC000019-E,332,203,9/28/2015
999-AJC000019-E,3,203,9/28/2015
999-AJC000046-E,56,203,9/28/2015
999-AJC000062-E,165,203,9/28/2015
999-AJC000069-E,157,203,9/28/2015
999-AJC000070-E,120,203,9/28/2015
999-AOC000010-E,369,203,9/28/2015
999-AOC000023-E,107,203,9/28/2015
999-AOC000023-E,141,203,9/28/2015
999-AOC000028-E,5,203,9/28/2015
999-AOC000034-E,53,203,9/28/2015
999-AOC000036-E,41,203,9/28/2015
999-AOC000038-E,31,203,9/28/2015
999-AYC815501-E,89,203,9/28/2015
999-AYC815501-E,86,203,9/28/2015
999-AYC855502-E,19,203,9/28/2015
999-AZC000004-E,1006,203,9/28/2015
999-BBC000040-E,54,203,9/28/2015
999-BBC000090-E,79,203,9/28/2015
999-BGC000066-E,2,203,9/28/2015
999-BGC000066-E,61,203,9/28/2015
999-BGC000083-E,30,203,9/28/2015
999-BRC000020-E,120,203,9/28/2015
999-BRC000047-E,80,203,9/28/2015
999-BRC000082-E,6,203,9/28/2015
999-BRC000082-E,12,203,9/28/2015
999-BRC000082-E,30,203,9/28/2015
999-BVC000025-E,96,203,9/28/2015
999-BVC000046-E,110,203,9/28/2015
999-BVC000046-E,82,203,9/28/2015
999-BVC000079-E,143,203,9/28/2015
999-BVC000079-E,25,203,9/28/2015
999-BVC000080-E,117,203,9/28/2015
999-BVC000080-E,101,203,9/28/2015
999-BVC000081-E,149,203,9/28/2015
999-BVC000108-E,165,203,9/28/2015
999-CAC000013-E,163,203,9/28/2015
999-CAC000070-E,200,203,9/28/2015
999-CAC000070-E,18,203,9/28/2015
999-CAC000224-E,132,203,9/28/2015
999-CAC000234-E,14,203,9/28/2015
999-CAC000279-E,62,203,9/28/2015
999-CAC000286-E,24,203,9/28/2015
999-CAC000291-E,154,203,9/28/2015
999-CAC000384-E,25,203,9/28/2015
999-CAC000406-E,18,203,9/28/2015
999-CAC000413-E,24,203,9/28/2015
999-CAC000418-E,17,203,9/28/2015
999-CAC000476-E,47,203,9/28/2015
999-CAC000498-E,65,203,9/28/2015
999-CAC000505-E,17,203,9/28/2015
999-CAC001038-E,5,203,9/28/2015
999-CAC001098-E,800,203,9/28/2015
999-CAC001244-E,63,203,9/28/2015
999-CBC000010-E,22,203,9/28/2015
999-CBC000049-E,600,203,9/28/2015
999-CBC000049-E,537,203,9/28/2015
999-CECNSS001-M,9,203,9/28/2015
999-CECSCX006-M,23,203,9/28/2015
999-CECSCX006-M,158,203,9/28/2015
999-CECSCX009-M,22,203,9/28/2015
999-CECSCX009-M,18,203,9/28/2015
999-CECSCX009-M,34,203,9/28/2015
999-CECSMX014-M,321,203,9/28/2015
999-CECSMX015-M,36,203,9/28/2015
999-CECSMX016-M,120,203,9/28/2015
999-CECSPP010-M,40,203,9/28/2015
999-CECSPP010-M,60,203,9/28/2015
999-CECSPP025-M,5,203,9/28/2015
999-CECSPX009-M,23,203,9/28/2015
999-CECSPX009-M,37,203,9/28/2015
999-CFC000019-M,20,203,9/28/2015
999-CFC000020-M,19,203,9/28/2015
999-CFC000037-M,58,203,9/28/2015
999-CFC000050-M,15,203,9/28/2015
999-CIC000050-E,22,203,9/28/2015
999-CJC000012-E,114,203,9/28/2015
999-CKC000019-E,138,203,9/28/2015
999-CKC000032-E,19,203,9/28/2015
999-CKC000062-E,10,203,9/28/2015
999-CMC000026-E,10,203,9/28/2015
999-CMC000030-E,93,203,9/28/2015
001-PCC000060-E,12,212,10/10/2015
001-PCCSY5R03-E,13,212,10/10/2015
001-PCCSYNC03-E,40,212,10/10/2015
102-PCC000013-E,58,212,10/10/2015
102-PCC000014-E,10,212,10/10/2015
110-CCA000006-M,17,212,10/10/2015
110-CCA000011-M,1,212,10/10/2015
110-CGC000036-M,3,212,10/10/2015
111-CGC000012-M,23,212,10/10/2015
115-PCC000009-E,6,212,10/10/2015
115-PCC000011-E,4,212,10/10/2015
115-PCC000011-E,6,212,10/10/2015
130-CDA000058-M,15,212,10/10/2015
130-CGC000038-M,20,212,10/10/2015
130-CGC000121-M,4,212,10/10/2015
130-PCC000049-E,9,212,10/10/2015
140-CDA000014-M,10,212,10/10/2015
140-CDA000016-M,10,212,10/10/2015
140-CDA000026-M,10,212,10/10/2015
140-CDC000042-M,10,212,10/10/2015
140-PCC000001-E,2,212,10/10/2015
140-PCC000004-E,10,212,10/10/2015
141-CCA000003-M,6,212,10/10/2015
141-CCA000015-M,15,212,10/10/2015
141-CGC000022-M,6,212,10/10/2015
141-PCC000011-E,43,212,10/10/2015
160-CDC000064-M,91,212,10/10/2015
160-CDC000064-M,115,212,10/10/2015
160-CDC000064-M,56,212,10/10/2015
160-CDC000065-M,94,212,10/10/2015
160-PCC000002-E,50,212,10/10/2015
160-PCC000002-E,53,212,10/10/2015
160-PCC000002-E,30,212,10/10/2015
170-CCA000005-E,1,212,10/10/2015
170-CCA000033-M,36,212,10/10/2015
170-CDA000024-M,42,212,10/10/2015
170-CGC000041-M,1,212,10/10/2015
170-CGC000058-M,12,212,10/10/2015
170-CGC000059-M,75,212,10/10/2015
170-PCC000016-E,11,212,10/10/2015
170-PCC000019-E,4,212,10/10/2015
170-PCC000019-E,7,212,10/10/2015
170-PCC000065-E,10,212,10/10/2015
203-CGC000018-M,5,212,10/10/2015
404-PCC000004-E,30,212,10/10/2015
998-AOC000021-E,20,212,10/10/2015
998-BBC000004-E,50,212,10/10/2015
998-BZA000358-X,3,212,10/10/2015
998-CDC000017-M,52,212,10/10/2015
998-CECSPP012-M,10,212,10/10/2015
998-CECSPP013-M,9,212,10/10/2015
998-CFA000006-M,190,212,10/10/2015
998-CFA000006-M,360,212,10/10/2015
998-CFC000030-M,104,212,10/10/2015
998-CFC000031-M,29,212,10/10/2015
998-CFC000031-M,81,212,10/10/2015
998-CIC000008-E,10,212,10/10/2015
999-ABC000001-E,294,212,10/10/2015
999-ABC000001-E,1165,212,10/10/2015
999-ABC000006-E,606,212,10/10/2015
999-ABC000007-E,104,212,10/10/2015
999-ACC000003-E,69,212,10/10/2015
999-ACC000008-E,520,212,10/10/2015
999-ACC000009-E,624,212,10/10/2015
999-ACC000009-E,3263,212,10/10/2015
999-ACC000009-E,381,212,10/10/2015
999-ACC000013-E,1268,212,10/10/2015
999-ACC000013-E,940,212,10/10/2015
999-ACC000013-E,127,212,10/10/2015
999-ACC000023-E,657,212,10/10/2015
999-ACC000023-E,1376,212,10/10/2015
999-ACC000023-E,226,212,10/10/2015
999-ACC000023-E,1222,212,10/10/2015
999-ACC000023-E,1866,212,10/10/2015
999-ACC000023-E,82,212,10/10/2015
999-ACC000026-E,1040,212,10/10/2015
999-ACC000029-E,424,212,10/10/2015
999-ACC000034-E,40,212,10/10/2015
999-ACC000034-E,25,212,10/10/2015
999-ACC000037-E,124,212,10/10/2015
999-ACC000044-E,90,212,10/10/2015
999-ACC000044-E,3,212,10/10/2015
999-ACC000044-E,10,212,10/10/2015
999-ACC000045-E,350,212,10/10/2015
999-ACC000046-E,125,212,10/10/2015
999-ACC000051-E,92,212,10/10/2015
999-ACC000052-E,9995,212,10/10/2015
999-ACC000052-E,9354,212,10/10/2015
999-ACC000052-E,9956,212,10/10/2015
999-ACC000052-E,175,212,10/10/2015
999-ACC000052-E,3606,212,10/10/2015
999-ACC000052-E,1158,212,10/10/2015
999-ACC000052-E,748,212,10/10/2015
999-ACC000052-E,2779,212,10/10/2015
999-ACC000052-E,2218,212,10/10/2015
999-ACC000052-E,1790,212,10/10/2015
999-ACC000053-E,796,212,10/10/2015
999-ACC000058-E,109,212,10/10/2015
999-ACC000070-E,3004,212,10/10/2015
999-ACC000073-E,1631,212,10/10/2015
999-ACC000073-E,1203,212,10/10/2015
999-ACC000073-E,321,212,10/10/2015
999-ACC000074-E,175,212,10/10/2015
999-ACC000076-E,136,212,10/10/2015
999-ACC000078-E,1697,212,10/10/2015
999-ACC000081-E,170,212,10/10/2015
999-ACC000081-E,354,212,10/10/2015
999-ACC000083-E,29,212,10/10/2015
999-ACC000100-E,1580,212,10/10/2015
999-ACC000106-E,807,212,10/10/2015
999-ACC000120-E,68,212,10/10/2015
999-ACC000124-E,202,212,10/10/2015
999-ACC000135-E,173,212,10/10/2015
999-ACC000172-E,93,212,10/10/2015
999-ACC000187-E,618,212,10/10/2015
999-ACC000187-E,196,212,10/10/2015
999-ACC000187-E,253,212,10/10/2015
999-ACC000187-E,995,212,10/10/2015
999-ACC000189-E,118,212,10/10/2015
999-ACC000189-E,2178,212,10/10/2015
999-ACC000189-E,1772,212,10/10/2015
999-ACC000204-E,10,212,10/10/2015
999-ACC000208-E,588,212,10/10/2015
999-ACC000208-E,707,212,10/10/2015
999-ACC000228-E,99,212,10/10/2015
999-ACC000230-E,54,212,10/10/2015
999-ACC000367-E,179,212,10/10/2015
999-ACC000374-E,10,212,10/10/2015
999-ACC315001-E,136,212,10/10/2015
999-ACC315501-E,35,212,10/10/2015
999-ACC315501-E,238,212,10/10/2015
999-ACC315502-E,103,212,10/10/2015
999-ACC315502-E,542,212,10/10/2015
999-ACC315503-E,680,212,10/10/2015
999-ACC315503-E,473,212,10/10/2015
999-ACC315503-E,198,212,10/10/2015
999-ACC315503-E,4730,212,10/10/2015
999-ACC315503-E,7997,212,10/10/2015
999-ACC315503-E,3809,212,10/10/2015
999-ACC315503-E,2250,212,10/10/2015
999-ACC316253-E,161,212,10/10/2015
999-ACC316501-E,18,212,10/10/2015
999-ACC316504-E,2527,212,10/10/2015
999-ACC316505-E,67,212,10/10/2015
999-ACC317501-E,3999,212,10/10/2015
999-ACC317501-E,3998,212,10/10/2015
999-ACC317501-E,5760,212,10/10/2015
999-ACC317501-E,124,212,10/10/2015
999-ACC317501-E,13997,212,10/10/2015
999-ACC317501-E,3999,212,10/10/2015
999-ACC317501-E,2786,212,10/10/2015
999-ACC317501-E,1162,212,10/10/2015
999-ACC318501-E,3102,212,10/10/2015
999-ACC326026-E,63,212,10/10/2015
999-ACC326026-E,196,212,10/10/2015
999-ACC326501-E,54,212,10/10/2015
999-ACC326501-E,144,212,10/10/2015
999-ACC326502-E,15,212,10/10/2015
999-ACC326502-E,757,212,10/10/2015
999-ACC326502-E,310,212,10/10/2015
999-ACC326502-E,1430,212,10/10/2015
999-ACC326502-E,136,212,10/10/2015
999-ACC326504-E,807,212,10/10/2015
999-ACC338501-E,1066,212,10/10/2015
999-ACC338501-E,3179,212,10/10/2015
999-ACC338501-E,246,212,10/10/2015
999-ACC338501-E,1201,212,10/10/2015
999-ACC757504-E,198,212,10/10/2015
999-ADC000013-E,15,212,10/10/2015
999-ADC000015-E,67,212,10/10/2015
999-ADC000018-E,2,212,10/10/2015
999-ADC000031-E,66,212,10/10/2015
999-ADC000038-E,167,212,10/10/2015
999-ADC837001-E,10,212,10/10/2015
999-ADC837752-E,135,212,10/10/2015
999-ADC857001-E,128,212,10/10/2015
999-ADC8XX001-E,163,212,10/10/2015
999-ADC8XX001-E,10,212,10/10/2015
999-ADCD87751-E,1000,212,10/10/2015
999-ADCD87751-E,1498,212,10/10/2015
999-ADCD87752-E,43,212,10/10/2015
999-ADCD87752-E,98,212,10/10/2015
999-ADCD87752-E,496,212,10/10/2015
999-AEC856751-E,76,212,10/10/2015
999-AHC916001-E,146,212,10/10/2015
999-AHC926001-E,163,212,10/10/2015
999-AHC936001-E,312,212,10/10/2015
999-AIC000005-E,17,212,10/10/2015
999-AIC000007-E,101,212,10/10/2015
999-AIC000007-E,80,212,10/10/2015
999-AIC000008-E,173,212,10/10/2015
999-AIC000008-E,132,212,10/10/2015
999-AIC000008-E,460,212,10/10/2015
999-AIC000008-E,1089,212,10/10/2015
999-AIC000009-E,20,212,10/10/2015
999-AIC000011-E,67,212,10/10/2015
999-AIC000013-E,63,212,10/10/2015
999-AIC000015-E,11,212,10/10/2015
999-AIC000023-E,50,212,10/10/2015
999-AIC000023-E,339,212,10/10/2015
999-AIC000023-E,165,212,10/10/2015
999-AIC000026-E,1137,212,10/10/2015
999-AIC000026-E,611,212,10/10/2015
999-AIC000036-E,43,212,10/10/2015
999-AIC000044-E,156,212,10/10/2015
999-AIC000044-E,900,212,10/10/2015
999-AIC000050-E,224,212,10/10/2015
999-AIC000050-E,621,212,10/10/2015
999-AIC000050-E,510,212,10/10/2015
999-AIC000050-E,8616,212,10/10/2015
999-AIC000051-E,171,212,10/10/2015
999-AIC000051-E,683,212,10/10/2015
999-AIC000061-E,24,212,10/10/2015
999-AIC000065-E,171,212,10/10/2015
999-AIC000068-E,102,212,10/10/2015
999-AIC000069-E,109,212,10/10/2015
999-AIC000073-E,110,212,10/10/2015
999-AIC000074-E,90,212,10/10/2015
999-AIC000077-E,170,212,10/10/2015
999-AIC000080-E,170,212,10/10/2015
999-AIC000107-E,243,212,10/10/2015
999-AJC000004-E,19,212,10/10/2015
999-AKC000006-E,306,212,10/10/2015
999-AMC000009-E,80,212,10/10/2015
999-AOC000016-E,13,212,10/10/2015
999-AOC000016-E,6,212,10/10/2015
999-AOC000132-E,15,212,10/10/2015
999-ARC000002-E,56,212,10/10/2015
999-ARC000002-E,87,212,10/10/2015
999-ARC000002-E,28,212,10/10/2015
999-ARC000008-E,8,212,10/10/2015
999-ARC000009-E,77,212,10/10/2015
999-AXC000009-E,151,212,10/10/2015
999-AXC000011-E,488,212,10/10/2015
999-AXC000017-E,105,212,10/10/2015
999-AXC000018-E,52,212,10/10/2015
999-AXC000023-E,60,212,10/10/2015
999-AXC000023-E,229,212,10/10/2015
999-AXC000035-E,6,212,10/10/2015
999-AXC000035-E,55,212,10/10/2015
999-AXC000039-E,41,212,10/10/2015
999-AXC000043-E,22,212,10/10/2015
999-AXC000043-E,76,212,10/10/2015
999-AXC000045-E,83,212,10/10/2015
999-AXC000048-E,209,212,10/10/2015
999-AXC000049-E,96,212,10/10/2015
999-AXC000049-E,59,212,10/10/2015
999-AXC000064-E,110,212,10/10/2015
999-AXC000069-E,18,212,10/10/2015
999-AXC000071-E,97,212,10/10/2015
999-AXC000079-E,201,212,10/10/2015
999-AXC000080-E,48,212,10/10/2015
999-AXC000084-E,73,212,10/10/2015
999-AXC000085-E,57,212,10/10/2015
999-AXC000089-E,32,212,10/10/2015
999-AXC000106-E,121,212,10/10/2015
999-AXC800003-E,45,212,10/10/2015
999-AXCOP0096-E,72,212,10/10/2015
999-AXCT00084-E,35,212,10/10/2015
999-AXCT00086-E,235,212,10/10/2015
999-AYC000007-E,3612,212,10/10/2015
999-AYC000014-E,237,212,10/10/2015
999-AYC000019-E,4843,212,10/10/2015
999-AYC000035-E,28,212,10/10/2015
999-AYC000035-E,121,212,10/10/2015
999-AYC000036-E,84,212,10/10/2015
999-AYC000037-E,211,212,10/10/2015
999-AYC000037-E,608,212,10/10/2015
999-AYC000037-E,687,212,10/10/2015
999-AYC000038-E,78,212,10/10/2015
999-AYC000039-E,69,212,10/10/2015
999-AYC000044-E,298,212,10/10/2015
999-AYC000044-E,331,212,10/10/2015
999-AYC000052-E,424,212,10/10/2015
999-AYC000053-E,112,212,10/10/2015
999-AYC000053-E,4633,212,10/10/2015
999-AYC000063-E,30,212,10/10/2015
999-AYC000064-E,170,212,10/10/2015
999-AYC000067-E,10,212,10/10/2015
999-AYC000067-E,190,212,10/10/2015
999-AYC000069-E,3201,212,10/10/2015
999-AYC000069-E,248,212,10/10/2015
999-AYC000070-E,83,212,10/10/2015
999-AYC000071-E,148,212,10/10/2015
999-AYC000107-E,200,212,10/10/2015
999-AYC000111-E,556,212,10/10/2015
999-AYC000112-E,198,212,10/10/2015
999-AYC000113-E,198,212,10/10/2015
999-AYC000114-E,253,212,10/10/2015
999-AYC000115-E,188,212,10/10/2015
999-AYC000124-E,4981,212,10/10/2015
999-AYC000127-E,1858,212,10/10/2015
999-AYC000127-E,1390,212,10/10/2015
999-AYC000127-E,1518,212,10/10/2015
999-AYC000132-E,1448,212,10/10/2015
999-AYC000132-E,731,212,10/10/2015
999-AYC000133-E,259,212,10/10/2015
999-AYC000135-E,200,212,10/10/2015
999-AYC000136-E,69,212,10/10/2015
999-AYC000136-E,195,212,10/10/2015
999-AYC000136-E,153,212,10/10/2015
999-AYC000142-E,258,212,10/10/2015
999-AYC000144-E,195,212,10/10/2015
999-AYC000147-E,190,212,10/10/2015
999-AYC000155-E,197,212,10/10/2015
999-AYC000160-E,195,212,10/10/2015
999-AYC000173-E,64,212,10/10/2015
999-AYC000182-E,152,212,10/10/2015
999-AYC000188-E,330,212,10/10/2015
999-AYC000195-E,55,212,10/10/2015
999-AYC000195-E,3891,212,10/10/2015
999-AYC000206-E,2869,212,10/10/2015
999-AYC000211-E,250,212,10/10/2015
999-AYC000217-E,219,212,10/10/2015
999-AYC000217-E,334,212,10/10/2015
999-AYC000217-E,822,212,10/10/2015
999-AYC000220-E,448,212,10/10/2015
999-AYC000222-E,496,212,10/10/2015
999-AYC000225-E,400,212,10/10/2015
999-AYC000225-E,114,212,10/10/2015
999-AYC000230-E,494,212,10/10/2015
999-AYC000233-E,100,212,10/10/2015
999-AYC000234-E,144,212,10/10/2015
999-AYC000262-E,1197,212,10/10/2015
999-AYC000267-E,85,212,10/10/2015
999-AYC000283-E,2047,212,10/10/2015
999-AYC000285-E,425,212,10/10/2015
999-AYC000300-E,129,212,10/10/2015
999-AYC000306-E,173,212,10/10/2015
999-AYC000306-E,407,212,10/10/2015
999-AYC000306-E,886,212,10/10/2015
999-AYC000316-E,124,212,10/10/2015
999-AYC000318-E,275,212,10/10/2015
999-AYC000319-E,54,212,10/10/2015
999-AYC000327-E,995,212,10/10/2015
999-AYC000339-E,515,212,10/10/2015
999-AYC000340-E,198,212,10/10/2015
999-AYC000340-E,198,212,10/10/2015
999-AYC000348-E,153,212,10/10/2015
999-AYC000349-E,61,212,10/10/2015
999-AYC000349-E,192,212,10/10/2015
999-AYC000349-E,419,212,10/10/2015
999-AYC000350-E,38,212,10/10/2015
999-AYC000350-E,534,212,10/10/2015
999-AYC000360-E,159,212,10/10/2015
999-AYC000377-E,83,212,10/10/2015
999-AYC000377-E,195,212,10/10/2015
999-AYC000394-E,10,212,10/10/2015
999-AYC000394-E,35,212,10/10/2015
999-AYC000477-E,71,212,10/10/2015
999-AYC000611-E,199,212,10/10/2015
999-AYC000611-E,200,212,10/10/2015
999-AYC393001-E,2358,212,10/10/2015
999-AYC393250-E,102,212,10/10/2015
999-AYC393250-E,1487,212,10/10/2015
999-AYC393251-E,69,212,10/10/2015
999-AYC393501-E,113,212,10/10/2015
999-AYC393502-E,703,212,10/10/2015
999-AYC393502-E,2157,212,10/10/2015
999-AYC393502-E,183,212,10/10/2015
999-AYC393502-E,1100,212,10/10/2015
999-AYC393503-E,1863,212,10/10/2015
999-AYC393506-E,243,212,10/10/2015
999-AYC393513-E,45,212,10/10/2015
999-AYC393513-E,195,212,10/10/2015
999-AYC393514-E,147,212,10/10/2015
999-AYC393515-E,113,212,10/10/2015
999-AYC393515-E,233,212,10/10/2015
999-AYC393515-E,263,212,10/10/2015
999-AYC395001-E,807,212,10/10/2015
999-AYC395002-E,2999,212,10/10/2015
999-AYC395004-E,244,212,10/10/2015
999-AYC395007-E,160,212,10/10/2015
999-AYC395007-E,1720,212,10/10/2015
999-AYC395007-E,152,212,10/10/2015
999-AYC395251-E,183,212,10/10/2015
999-AYC395251-E,4948,212,10/10/2015
999-AYC395251-E,610,212,10/10/2015
999-AYC395252-E,306,212,10/10/2015
999-AYC395253-E,32,212,10/10/2015
999-AYC395254-E,139,212,10/10/2015
999-AYC395255-E,271,212,10/10/2015
999-AYC395256-E,120,212,10/10/2015
999-AYC395256-E,225,212,10/10/2015
999-AYC395256-E,535,212,10/10/2015
999-AYC395256-E,4998,212,10/10/2015
999-AYC395256-E,3999,212,10/10/2015
999-AYC395257-E,2143,212,10/10/2015
999-AYC395259-E,18,212,10/10/2015
999-AYC395259-E,14,212,10/10/2015
999-AYC395259-E,1000,212,10/10/2015
999-AYC395259-E,1388,212,10/10/2015
999-AYC395259-E,1115,212,10/10/2015
999-AYC395261-E,125,212,10/10/2015
999-AYC395262-E,148,212,10/10/2015
999-AYC395263-E,62,212,10/10/2015
999-AYC395263-E,123,212,10/10/2015
999-AYC395266-E,483,212,10/10/2015
999-AYC395267-E,15,212,10/10/2015
999-AYC395267-E,533,212,10/10/2015
999-AYC395269-E,284,212,10/10/2015
999-AYC395269-E,477,212,10/10/2015
999-AYC395272-E,125,212,10/10/2015
999-AYC395273-E,543,212,10/10/2015
999-AYC395276-E,68,212,10/10/2015
999-AYC395293-E,153,212,10/10/2015
999-AYC395293-E,314,212,10/10/2015
999-AYC395293-E,218,212,10/10/2015
999-AYC395500-E,599,212,10/10/2015
999-AYC395501-E,1530,212,10/10/2015
999-AYC395501-E,3749,212,10/10/2015
999-AYC395501-E,423,212,10/10/2015
999-AYC395516-E,105,212,10/10/2015
999-AYC395518-E,16,212,10/10/2015
999-AYC395528-E,425,212,10/10/2015
999-AYC395528-E,309,212,10/10/2015
999-AYC395528-E,900,212,10/10/2015
999-AYC395529-E,106,212,10/10/2015
999-AYC395531-E,5000,212,10/10/2015
999-AYC395531-E,158,212,10/10/2015
999-AYC395532-E,4485,212,10/10/2015
999-AYC395532-E,136,212,10/10/2015
999-AYC395533-E,295,212,10/10/2015
999-AYC395533-E,937,212,10/10/2015
999-AYC395535-E,38,212,10/10/2015
999-AYC395535-E,1550,212,10/10/2015
999-AYC395536-E,54,212,10/10/2015
999-AYC593501-E,31,212,10/10/2015
999-AYC593502-E,2591,212,10/10/2015
999-AYC593502-E,697,212,10/10/2015
999-AYC595256-E,198,212,10/10/2015
999-AYC595259-E,602,212,10/10/2015
999-AYC595263-E,348,212,10/10/2015
999-AYC595265-E,73,212,10/10/2015
999-AYC595265-E,3585,212,10/10/2015
999-AYC595500-E,67,212,10/10/2015
999-AYC595502-E,95,212,10/10/2015
999-AYC595504-E,83,212,10/10/2015
999-AYC595504-E,143,212,10/10/2015
999-AYC825502-E,15,212,10/10/2015
999-AYCB93504-E,47,212,10/10/2015
999-AYCGA3250-E,138,212,10/10/2015
999-AYCGA3502-E,495,212,10/10/2015
999-AZC000004-E,142,212,10/10/2015
999-AZC000004-E,237,212,10/10/2015
999-BAA000005-E,83,212,10/10/2015
999-BAC000002-E,387,212,10/10/2015
999-BAC000004-E,29,212,10/10/2015
999-BAC000004-E,50,212,10/10/2015
999-BCC000002-E,49,212,10/10/2015
999-BCC000013-E,143,212,10/10/2015
999-BEC000026-E,100,212,10/10/2015
999-BEC000120-E,93,212,10/10/2015
999-BEC000161-E,11,212,10/10/2015
999-BEC000166-E,24,212,10/10/2015
999-BEC000192-E,276,212,10/10/2015
999-BEC000208-E,122,212,10/10/2015
999-BEC000220-E,97,212,10/10/2015
999-BGC000012-E,37,212,10/10/2015
999-BGC000025-E,75,212,10/10/2015
999-BGC000057-E,124,212,10/10/2015
999-BJC000011-E,125,212,10/10/2015
999-BKC000014-E,16,212,10/10/2015
999-BKC000014-E,21,212,10/10/2015
999-BKC000016-E,126,212,10/10/2015
999-BLC000001-E,115,212,10/10/2015
999-BOC000001-E,119,212,10/10/2015
999-BOC000007-E,29,212,10/10/2015
999-BOC000007-E,92,212,10/10/2015
999-BPC000008-E,87,212,10/10/2015
999-BPC000018-E,108,212,10/10/2015
999-BPC000019-E,97,212,10/10/2015
999-BPC000041-E,60,212,10/10/2015
999-BPC000041-E,426,212,10/10/2015
999-BPC000110-E,87,212,10/10/2015
999-BPC000117-E,124,212,10/10/2015
999-BPC000130-E,19,212,10/10/2015
999-BRC000016-E,34,212,10/10/2015
999-BRC000016-E,9,212,10/10/2015
999-BRC000016-E,5,212,10/10/2015
999-BTC000006-E,9,212,10/10/2015
999-BUC000001-E,66,212,10/10/2015
999-BUC000002-E,24,212,10/10/2015
999-BUC000011-E,90,212,10/10/2015
999-BVC000037-E,81,212,10/10/2015
999-BVC000083-E,64,212,10/10/2015
999-BVC000094-E,215,212,10/10/2015
999-BVC000094-E,30,212,10/10/2015
999-BVC000094-E,365,212,10/10/2015
999-BZC000042-X,10,212,10/10/2015
999-CAC000004-E,465,212,10/10/2015
999-CAC000004-E,95,212,10/10/2015
999-CAC000053-E,21,212,10/10/2015
999-CAC000053-E,190,212,10/10/2015
999-CAC000053-E,100,212,10/10/2015
999-CAC000058-E,104,212,10/10/2015
999-CAC000058-E,5,212,10/10/2015
999-CAC000058-E,23,212,10/10/2015
999-CAC000059-E,16,212,10/10/2015
999-CAC000070-E,200,212,10/10/2015
999-CAC000100-E,10,212,10/10/2015
999-CAC000105-E,8,212,10/10/2015
999-CAC000108-E,138,212,10/10/2015
999-CAC000153-E,671,212,10/10/2015
999-CAC000154-E,19,212,10/10/2015
999-CAC000154-E,245,212,10/10/2015
999-CAC000158-E,14,212,10/10/2015
999-CAC000192-E,20,212,10/10/2015
999-CAC000193-E,26,212,10/10/2015
999-CAC000234-E,98,212,10/10/2015
999-CAC000266-E,9,212,10/10/2015
999-CAC000266-E,9,212,10/10/2015
999-CAC000279-E,46,212,10/10/2015
999-CAC000289-E,66,212,10/10/2015
999-CAC000294-E,8,212,10/10/2015
999-CAC000302-E,9,212,10/10/2015
999-CAC000333-E,335,212,10/10/2015
999-CAC000338-E,10,212,10/10/2015
999-CAC000343-E,141,212,10/10/2015
999-CAC000343-E,110,212,10/10/2015
999-CAC000345-E,31,212,10/10/2015
999-CAC000369-E,3,212,10/10/2015
999-CAC000370-E,238,212,10/10/2015
999-CAC000383-E,214,212,10/10/2015
999-CAC000384-E,50,212,10/10/2015
999-CAC000407-E,50,212,10/10/2015
999-CAC000437-E,25,212,10/10/2015
999-CAC000476-E,75,212,10/10/2015
999-CAC000487-E,5,212,10/10/2015
999-CAC000554-E,20,212,10/10/2015
999-CAC000559-E,79,212,10/10/2015
999-CAC000580-E,95,212,10/10/2015
999-CAC000608-E,16,212,10/10/2015
999-CAC000630-E,915,212,10/10/2015
999-CAC000667-E,7,212,10/10/2015
999-CAC000670-E,10,212,10/10/2015
999-CAC000683-E,20,212,10/10/2015
999-CAC000718-E,53,212,10/10/2015
999-CAC000814-E,55,212,10/10/2015
999-CAC000815-E,12,212,10/10/2015
999-CAC000815-E,52,212,10/10/2015
999-CAC000833-E,44,212,10/10/2015
999-CAC000904-E,23,212,10/10/2015
999-CAC000905-E,10,212,10/10/2015
999-CAC000958-E,19,212,10/10/2015
999-CAC000992-E,129,212,10/10/2015
999-CAC001281-E,114,212,10/10/2015
999-CBC000010-E,615,212,10/10/2015
999-CBC000055-E,21,212,10/10/2015
999-CBC000071-E,10,212,10/10/2015
999-CBCLP0002-E,6,212,10/10/2015
999-CECCAC019-M,736,212,10/10/2015
999-CECNSS001-M,383,212,10/10/2015
999-CECNSS002-M,215,212,10/10/2015
999-CECNSS011-M,13,212,10/10/2015
999-CECSCX014-M,245,212,10/10/2015
999-CECSMX017-M,19,212,10/10/2015
999-CECSMX021-M,10,212,10/10/2015
999-CECSMX022-M,22,212,10/10/2015
999-CECSPP011-M,27,212,10/10/2015
999-CECSPP008-M,50,212,10/10/2015
999-CECSPX003-M,182,212,10/10/2015
999-CECSPX006-M,288,212,10/10/2015
999-CECSPX007-M,980,212,10/10/2015
999-CECSPX007-M,57,212,10/10/2015
999-CECSPX054-M,20,212,10/10/2015
999-CECSRX011-M,14,212,10/10/2015
999-CECSRX012-M,10,212,10/10/2015
999-CECWPS005-M,530,212,10/10/2015
999-CFC000032-M,3,212,10/10/2015
999-CFC000038-M,8,212,10/10/2015
999-CFC000101-M,22,212,10/10/2015
999-CFC000102-M,292,212,10/10/2015
999-CFC000112-M,10,212,10/10/2015
999-CGC000049-M,165,212,10/10/2015
999-CIC000032-E,66,212,10/10/2015
999-CIC000054-E,9,212,10/10/2015
999-CIC000054-E,45,212,10/10/2015
999-CJC000001-E,77,212,10/10/2015
999-CJC000002-M,42,212,10/10/2015
999-CJC000003-M,44,212,10/10/2015
999-CJC000005-E,80,212,10/10/2015
999-CJC000010-E,18,212,10/10/2015
999-CJC000014-E,55,212,10/10/2015
999-CJC000017-E,35,212,10/10/2015
999-CJC000018-E,8,212,10/10/2015
999-CJC000020-E,190,212,10/10/2015
999-CJC000024-E,11,212,10/10/2015
999-CKC000029-E,45,212,10/10/2015
999-CLC000001-E,185,212,10/10/2015
999-CLC000006-E,250,212,10/10/2015
999-CLC000009-E,14,212,10/10/2015
999-CLC000009-E,180,212,10/10/2015
999-CLC000014-E,384,212,10/10/2015
999-CLC000014-E,150,212,10/10/2015
999-CLC000017-E,136,212,10/10/2015
999-CLC000023-E,27,212,10/10/2015
999-CLC000024-E,8,212,10/10/2015
999-CLC000024-E,10,212,10/10/2015
999-CLC000027-E,61,212,10/10/2015
999-CLC000051-E,79,212,10/10/2015
999-CLC000051-E,59,212,10/10/2015
999-CLC000051-E,11,212,10/10/2015
999-CLC000053-E,93,212,10/10/2015
999-CLC000059-E,106,212,10/10/2015
999-CLC000073-E,189,212,10/10/2015
999-CLC000073-E,160,212,10/10/2015
999-CLC000073-E,1110,212,10/10/2015
999-CLC000080-E,124,212,10/10/2015
999-CLC000112-E,82,212,10/10/2015
999-CLC000114-E,698,212,10/10/2015
999-CLC000123-E,98,212,10/10/2015
999-CLC000126-E,194,212,10/10/2015
999-CLC000126-E,285,212,10/10/2015
999-CLC000134-E,183,212,10/10/2015
999-CLC000137-E,122,212,10/10/2015
999-CLC000144-E,5,212,10/10/2015
999-CLC000152-E,63,212,10/10/2015
999-CLC000152-E,151,212,10/10/2015
999-CLC000159-E,30,212,10/10/2015
999-CLC000160-E,46,212,10/10/2015
999-CLC000164-E,150,212,10/10/2015
999-CLC000167-E,100,212,10/10/2015
999-CLC000170-E,82,212,10/10/2015
999-CLC000176-E,72,212,10/10/2015
999-CLC000177-E,7,212,10/10/2015
999-CLC000216-E,96,212,10/10/2015
999-CLC000224-E,60,212,10/10/2015
999-CLC000253-E,40,212,10/10/2015
999-CLC000257-E,40,212,10/10/2015
999-CLC000260-E,67,212,10/10/2015
999-CLC000278-E,179,212,10/10/2015
999-CLC000377-E,138,212,10/10/2015
999-CLC000380-E,160,212,10/10/2015
999-CLC000380-E,14,212,10/10/2015
999-CLC000554-E,37,212,10/10/2015
001-PCC000015-E,71,330,11/10/2015
001-PCCSY5R13-E,11,330,11/10/2015
102-PCC000013-E,1,330,11/10/2015
102-PCCPSU003-E,6,330,11/10/2015
110-CGC000036-M,1,330,11/10/2015
111-CGC000012-M,2,330,11/10/2015
115-PCC000006-E,3,330,11/10/2015
130-CDA000058-M,1,330,11/10/2015
130-PCC000049-E,1,330,11/10/2015
170-CCA000022-M,8,330,11/10/2015
170-CGC000041-M,2,330,11/10/2015
170-CGC000056-M,17,330,11/10/2015
170-PCC000003-E,3,330,11/10/2015
170-PCC000016-E,9,330,11/10/2015
404-PCC000004-E,17,330,11/10/2015
998-AOC000020-E,16,330,11/10/2015
998-BBC000004-E,11,330,11/10/2015
999-ABC000001-E,1520,330,11/10/2015
999-ABC000001-E,1264,330,11/10/2015
999-ABC000001-E,2953,330,11/10/2015
999-ABC000001-E,2170,330,11/10/2015
999-ABC000001-E,454,330,11/10/2015
999-ABC000001-E,200,330,11/10/2015
999-ABC000002-E,200,330,11/10/2015
999-ABC000002-E,1079,330,11/10/2015
999-ABC000006-E,2388,330,11/10/2015
999-ABC000006-E,4000,330,11/10/2015
999-ABC000006-E,2547,330,11/10/2015
999-ABC000006-E,199,330,11/10/2015
999-ABC000007-E,3647,330,11/10/2015
999-ABC000007-E,3418,330,11/10/2015
999-ABC000007-E,229,330,11/10/2015
999-ABC000007-E,80,330,11/10/2015
999-ABC000010-E,320,330,11/10/2015
999-ACC000002-E,175,330,11/10/2015
999-ACC000003-E,250,330,11/10/2015
999-ACC000006-E,193,330,11/10/2015
999-ACC000006-E,199,330,11/10/2015
999-ACC000009-E,1186,330,11/10/2015
999-ACC000009-E,476,330,11/10/2015
999-ACC000012-E,321,330,11/10/2015
999-ACC000012-E,44,330,11/10/2015
999-ACC000012-E,394,330,11/10/2015
999-ACC000012-E,48,330,11/10/2015
999-ACC000012-E,201,330,11/10/2015
999-ACC000016-E,9998,330,11/10/2015
999-ACC000017-E,198,330,11/10/2015
999-ACC000017-E,337,330,11/10/2015
999-ACC000018-E,193,330,11/10/2015
999-ACC000021-E,60,330,11/10/2015
999-ACC000023-E,62,330,11/10/2015
999-ACC000026-E,187,330,11/10/2015
999-ACC000031-E,336,330,11/10/2015
999-ACC000031-E,117,330,11/10/2015
999-ACC000038-E,64,330,11/10/2015
999-ACC000038-E,68,330,11/10/2015
999-ACC000039-E,25,330,11/10/2015
999-ACC000041-E,18,330,11/10/2015
999-ACC000046-E,115,330,11/10/2015
999-ACC000054-E,90,330,11/10/2015
999-ACC000054-E,192,330,11/10/2015
999-ACC000058-E,62,330,11/10/2015
999-ACC000058-E,101,330,11/10/2015
999-ACC000062-E,63,330,11/10/2015
999-ACC000065-E,43,330,11/10/2015
999-ACC000065-E,41,330,11/10/2015
999-ACC000067-E,193,330,11/10/2015
999-ACC000068-E,7,330,11/10/2015
999-ACC000070-E,2580,330,11/10/2015
999-ACC000070-E,208,330,11/10/2015
999-ACC000071-E,166,330,11/10/2015
999-ACC000072-E,860,330,11/10/2015
999-ACC000072-E,995,330,11/10/2015
999-ACC000072-E,998,330,11/10/2015
999-ACC000072-E,114,330,11/10/2015
999-ACC000072-E,252,330,11/10/2015
999-ACC000075-E,29,330,11/10/2015
999-ACC000076-E,79,330,11/10/2015
999-ACC000076-E,45,330,11/10/2015
999-ACC000089-E,778,330,11/10/2015
999-ACC000089-E,2093,330,11/10/2015
999-ACC000089-E,864,330,11/10/2015
999-ACC000089-E,1180,330,11/10/2015
999-ACC000092-E,3826,330,11/10/2015
999-ACC000092-E,2234,330,11/10/2015
999-ACC000092-E,153,330,11/10/2015
999-ACC000093-E,139,330,11/10/2015
999-ACC000094-E,3010,330,11/10/2015
999-ACC000094-E,3170,330,11/10/2015
999-ACC000094-E,104,330,11/10/2015
999-ACC000095-E,125,330,11/10/2015
999-ACC000099-E,152,330,11/10/2015
999-ACC000100-E,3136,330,11/10/2015
999-ACC000100-E,2510,330,11/10/2015
999-ACC000100-E,966,330,11/10/2015
999-ACC000103-E,90,330,11/10/2015
999-ACC000103-E,82,330,11/10/2015
999-ACC000104-E,3793,330,11/10/2015
999-ACC000104-E,200,330,11/10/2015
999-ACC000111-E,5,330,11/10/2015
999-ACC000121-E,49,330,11/10/2015
999-ACC000122-E,297,330,11/10/2015
999-ACC000122-E,16,330,11/10/2015
999-ACC000123-E,35,330,11/10/2015
999-ACC000126-E,56,330,11/10/2015
999-ACC000128-E,239,330,11/10/2015
999-ACC000134-E,53,330,11/10/2015
999-ACC000158-E,164,330,11/10/2015
999-ACC000158-E,199,330,11/10/2015
999-ACC000174-E,230,330,11/10/2015
999-ACC000186-E,25,330,11/10/2015
999-ACC000186-E,115,330,11/10/2015
999-ACC000191-E,122,330,11/10/2015
999-ACC000197-E,128,330,11/10/2015
999-ACC000208-E,354,330,11/10/2015
999-ACC000230-E,499,330,11/10/2015
999-ACC000238-E,398,330,11/10/2015
999-ACC000314-E,253,330,11/10/2015
999-ACC000366-E,299,330,11/10/2015
999-ACC000372-E,69,330,11/10/2015
999-ACC000383-E,48,330,11/10/2015
999-ACC000390-E,134,330,11/10/2015
999-ACC000390-E,21,330,11/10/2015
999-ACC000403-E,26,330,11/10/2015
999-ACC315026-E,247,330,11/10/2015
999-ACC315027-E,7,330,11/10/2015
999-ACC315503-E,197,330,11/10/2015
999-ACC316026-E,336,330,11/10/2015
999-ACC316026-E,123,330,11/10/2015
999-ACC316029-E,195,330,11/10/2015
999-ACC316255-E,124,330,11/10/2015
999-ACC316501-E,300,330,11/10/2015
999-ACC316503-E,127,330,11/10/2015
999-ACC316506-E,30,330,11/10/2015
999-ACC316506-E,197,330,11/10/2015
999-ACC317501-E,1794,330,11/10/2015
999-ACC317501-E,3624,330,11/10/2015
999-ACC317501-E,305,330,11/10/2015
999-ACC318501-E,809,330,11/10/2015
999-ACC318501-E,3050,330,11/10/2015
999-ACC318501-E,296,330,11/10/2015
999-ACC318501-E,151,330,11/10/2015
999-ACC326502-E,1840,330,11/10/2015
999-ACC326503-E,326,330,11/10/2015
999-ACC326503-E,200,330,11/10/2015
999-ACC326503-E,442,330,11/10/2015
999-ACC326503-E,332,330,11/10/2015
999-ACC327501-E,54,330,11/10/2015
999-ACC338501-E,390,330,11/10/2015
999-ACC338501-E,3999,330,11/10/2015
999-ACC338501-E,2630,330,11/10/2015
999-ACC338501-E,1496,330,11/10/2015
999-ACC338501-E,1275,330,11/10/2015
999-ACC338501-E,999,330,11/10/2015
999-ACC338501-E,3996,330,11/10/2015
999-ACC338501-E,210,330,11/10/2015
999-ACC338501-E,2070,330,11/10/2015
999-ACC338501-E,3999,330,11/10/2015
999-ACC338501-E,3999,330,11/10/2015
999-ACC338501-E,3998,330,11/10/2015
999-ACC338501-E,1380,330,11/10/2015
999-ACC338501-E,311,330,11/10/2015
999-ACC338501-E,96,330,11/10/2015
999-ACC338501-E,690,330,11/10/2015
999-ACC338501-E,1421,330,11/10/2015
999-ACC338501-E,139,330,11/10/2015
999-ACC516751-E,500,330,11/10/2015
999-ACC516751-E,349,330,11/10/2015
999-ACC546502-E,150,330,11/10/2015
999-ACC756502-E,102,330,11/10/2015
999-ACC756502-E,19,330,11/10/2015
999-ACC756502-E,139,330,11/10/2015
999-ACC7C6501-E,46,330,11/10/2015
999-ACC7C6501-E,280,330,11/10/2015
999-ADC000011-E,10,330,11/10/2015
999-ADC000011-E,15,330,11/10/2015
999-AHC000003-E,6,330,11/10/2015
999-AIC000012-E,261,330,11/10/2015
999-AJC000040-E,3,330,11/10/2015
999-AOC000023-E,49,330,11/10/2015
999-ARC000004-E,37,330,11/10/2015
999-AXC000006-E,175,330,11/10/2015
999-AYC000006-E,698,330,11/10/2015
999-AYC000006-E,106,330,11/10/2015
999-AYC000006-E,300,330,11/10/2015
999-AYC000007-E,1010,330,11/10/2015
999-AYC000011-E,171,330,11/10/2015
999-AYC000011-E,149,330,11/10/2015
999-AYC000012-E,4492,330,11/10/2015
999-AYC000014-E,413,330,11/10/2015
999-AYC000023-E,1253,330,11/10/2015
999-AYC000024-E,2668,330,11/10/2015
999-AYC000024-E,186,330,11/10/2015
999-AYC000050-E,300,330,11/10/2015
999-AYC000051-E,188,330,11/10/2015
999-AYC000061-E,279,330,11/10/2015
999-AYC000061-E,250,330,11/10/2015
999-AYC000061-E,185,330,11/10/2015
999-AYC000061-E,610,330,11/10/2015
999-AYC000061-E,325,330,11/10/2015
999-AYC000064-E,173,330,11/10/2015
999-AYC000069-E,86,330,11/10/2015
999-AYC000073-E,288,330,11/10/2015
999-AYC000074-E,392,330,11/10/2015
999-AYC000074-E,18,330,11/10/2015
999-AYC000090-E,158,330,11/10/2015
999-AYC000090-E,249,330,11/10/2015
999-AYC000096-E,92,330,11/10/2015
999-AYC000111-E,58,330,11/10/2015
999-AYC000113-E,199,330,11/10/2015
999-AYC000114-E,217,330,11/10/2015
999-AYC000116-E,758,330,11/10/2015
999-AYC000120-E,296,330,11/10/2015
999-AYC000123-E,310,330,11/10/2015
999-AYC000123-E,648,330,11/10/2015
999-AYC000124-E,457,330,11/10/2015
999-AYC000124-E,240,330,11/10/2015
999-AYC000126-E,60,330,11/10/2015
999-AYC000130-E,22,330,11/10/2015
999-AYC000132-E,3472,330,11/10/2015
999-AYC000132-E,3900,330,11/10/2015
999-AYC000132-E,694,330,11/10/2015
999-AYC000132-E,295,330,11/10/2015
999-AYC000140-E,438,330,11/10/2015
999-AYC000140-E,921,330,11/10/2015
999-AYC000163-E,52,330,11/10/2015
999-AYC000163-E,78,330,11/10/2015
999-AYC000175-E,46,330,11/10/2015
999-AYC000182-E,121,330,11/10/2015
999-AYC000184-E,125,330,11/10/2015
999-AYC000194-E,237,330,11/10/2015
999-AYC000195-E,199,330,11/10/2015
999-AYC000200-E,2296,330,11/10/2015
999-AYC000204-E,402,330,11/10/2015
999-AYC000204-E,362,330,11/10/2015
999-AYC000205-E,91,330,11/10/2015
999-AYC000205-E,17,330,11/10/2015
999-AYC000207-E,500,330,11/10/2015
999-AYC000209-E,77,330,11/10/2015
999-AYC000209-E,757,330,11/10/2015
999-AYC000209-E,2061,330,11/10/2015
999-AYC000209-E,330,330,11/10/2015
999-AYC000210-E,2100,330,11/10/2015
999-AYC000212-E,498,330,11/10/2015
999-AYC000215-E,320,330,11/10/2015
999-AYC000218-E,350,330,11/10/2015
999-AYC000218-E,204,330,11/10/2015
999-AYC000219-E,119,330,11/10/2015
999-AYC000221-E,236,330,11/10/2015
999-AYC000224-E,497,330,11/10/2015
999-AYC000229-E,162,330,11/10/2015
999-AYC000251-E,765,330,11/10/2015
999-AYC000258-E,90,330,11/10/2015
999-AYC000258-E,19,330,11/10/2015
999-AYC000262-E,470,330,11/10/2015
999-AYC000262-E,99,330,11/10/2015
999-AYC000262-E,525,330,11/10/2015
999-AYC000266-E,186,330,11/10/2015
999-AYC000282-E,47,330,11/10/2015
999-AYC000282-E,196,330,11/10/2015
999-AYC000325-E,120,330,11/10/2015
999-AYC000331-E,195,330,11/10/2015
999-AYC000339-E,461,330,11/10/2015
999-AYC000339-E,4009,330,11/10/2015
999-AYC000339-E,3648,330,11/10/2015
999-AYC000372-E,190,330,11/10/2015
999-AYC000372-E,37,330,11/10/2015
999-AYC000392-E,243,330,11/10/2015
999-AYC000464-E,244,330,11/10/2015
999-AYC393251-E,164,330,11/10/2015
999-AYC393254-E,199,330,11/10/2015
999-AYC393254-E,300,330,11/10/2015
999-AYC393502-E,245,330,11/10/2015
999-AYC393502-E,300,330,11/10/2015
999-AYC393507-E,82,330,11/10/2015
999-AYC393509-E,468,330,11/10/2015
999-AYC393509-E,671,330,11/10/2015
999-AYC393509-E,47,330,11/10/2015
999-AYC395001-E,1296,330,11/10/2015
999-AYC395001-E,1493,330,11/10/2015
999-AYC395001-E,823,330,11/10/2015
999-AYC395001-E,2674,330,11/10/2015
999-AYC395001-E,2854,330,11/10/2015
999-AYC395001-E,277,330,11/10/2015
999-AYC395001-E,2672,330,11/10/2015
999-AYC395001-E,73,330,11/10/2015
999-AYC395001-E,268,330,11/10/2015
999-AYC395001-E,1029,330,11/10/2015
999-AYC395001-E,2740,330,11/10/2015
999-AYC395001-E,5000,330,11/10/2015
999-AYC395001-E,8314,330,11/10/2015
999-AYC395001-E,5000,330,11/10/2015
999-AYC395001-E,4996,330,11/10/2015
999-AYC395001-E,3370,330,11/10/2015
999-AYC395001-E,61,330,11/10/2015
999-AYC395001-E,5000,330,11/10/2015
999-AYC395001-E,355,330,11/10/2015
999-AYC395253-E,198,330,11/10/2015
999-AYC395254-E,185,330,11/10/2015
999-AYC395255-E,13,330,11/10/2015
999-AYC395255-E,1610,330,11/10/2015
999-AYC395255-E,200,330,11/10/2015
999-AYC395255-E,124,330,11/10/2015
999-AYC395255-E,2890,330,11/10/2015
999-AYC395255-E,664,330,11/10/2015
999-AYC395255-E,1969,330,11/10/2015
999-AYC395255-E,126,330,11/10/2015
999-AYC395256-E,4395,330,11/10/2015
999-AYC395257-E,2494,330,11/10/2015
999-AYC395257-E,224,330,11/10/2015
999-AYC395262-E,244,330,11/10/2015
999-AYC395263-E,945,330,11/10/2015
999-AYC395265-E,16,330,11/10/2015
999-AYC395288-E,580,330,11/10/2015
999-AYC395288-E,518,330,11/10/2015
999-AYC395288-E,1380,330,11/10/2015
999-AYC395288-E,4999,330,11/10/2015
999-AYC395288-E,4566,330,11/10/2015
999-AYC395288-E,5000,330,11/10/2015
999-AYC395288-E,5000,330,11/10/2015
999-AYC395288-E,5000,330,11/10/2015
999-AYC395291-E,190,330,11/10/2015
999-AYC395291-E,360,330,11/10/2015
999-AYC395500-E,1300,330,11/10/2015
999-AYC395500-E,195,330,11/10/2015
999-AYC395500-E,4997,330,11/10/2015
999-AYC395500-E,4901,330,11/10/2015
999-AYC395500-E,733,330,11/10/2015
999-AYC395500-E,1846,330,11/10/2015
999-AYC395500-E,2490,330,11/10/2015
999-AYC395500-E,9990,330,11/10/2015
999-AYC395500-E,5000,330,11/10/2015
999-AYC395500-E,3687,330,11/10/2015
999-AYC395500-E,5000,330,11/10/2015
999-AYC395500-E,1990,330,11/10/2015
999-AYC395500-E,1232,330,11/10/2015
999-AYC395500-E,341,330,11/10/2015
999-AYC395500-E,1301,330,11/10/2015
999-AYC395501-E,4438,330,11/10/2015
999-AYC395501-E,5000,330,11/10/2015
999-AYC395501-E,5000,330,11/10/2015
999-AYC395501-E,5000,330,11/10/2015
999-AYC395501-E,4996,330,11/10/2015
999-AYC395501-E,4991,330,11/10/2015
999-AYC395501-E,5000,330,11/10/2015
999-AYC395501-E,5000,330,11/10/2015
999-AYC395501-E,1599,330,11/10/2015
999-AYC395501-E,4624,330,11/10/2015
999-AYC395501-E,25000,330,11/10/2015
999-AYC395501-E,4999,330,11/10/2015
999-AYC395501-E,4870,330,11/10/2015
999-AYC395501-E,5000,330,11/10/2015
999-AYC395501-E,4840,330,11/10/2015
999-AYC395501-E,4999,330,11/10/2015
999-AYC395501-E,515,330,11/10/2015
999-AYC395501-E,997,330,11/10/2015
999-AYC395501-E,573,330,11/10/2015
999-AYC395503-E,495,330,11/10/2015
999-AYC395503-E,410,330,11/10/2015
999-AYC395503-E,598,330,11/10/2015
999-AYC395503-E,65,330,11/10/2015
999-AYC395506-E,176,330,11/10/2015
999-AYC395506-E,137,330,11/10/2015
999-AYC395507-E,294,330,11/10/2015
999-AYC395507-E,828,330,11/10/2015
999-AYC395512-E,165,330,11/10/2015
999-AYC395513-E,200,330,11/10/2015
999-AYC395520-E,803,330,11/10/2015
999-AYC395520-E,310,330,11/10/2015
999-AYC395520-E,240,330,11/10/2015
999-AYC395520-E,305,330,11/10/2015
999-AYC395520-E,102,330,11/10/2015
999-AYC395521-E,78,330,11/10/2015
999-AYC395522-E,346,330,11/10/2015
999-AYC395524-E,198,330,11/10/2015
999-AYC395524-E,4521,330,11/10/2015
999-AYC395525-E,45,330,11/10/2015
999-AYC395525-E,274,330,11/10/2015
999-AYC395526-E,145,330,11/10/2015
999-AYC395529-E,76,330,11/10/2015
999-AYC395535-E,348,330,11/10/2015
999-AYC395750-E,296,330,11/10/2015
999-AYC395751-E,200,330,11/10/2015
999-AYC593502-E,190,330,11/10/2015
999-AYC595001-E,786,330,11/10/2015
999-AYC595001-E,107,330,11/10/2015
999-AYC595001-E,211,330,11/10/2015
999-AYC595257-E,61,330,11/10/2015
999-AYC595500-E,195,330,11/10/2015
999-AYC815251-E,144,330,11/10/2015
999-AYCB93251-E,94,330,11/10/2015
999-AYCB93504-E,134,330,11/10/2015
999-AZC000005-E,1095,330,11/10/2015
999-AZC000006-E,55,330,11/10/2015
999-AZC000006-E,884,330,11/10/2015
999-AZC000006-E,769,330,11/10/2015
999-AZC000006-E,309,330,11/10/2015
999-AZC000007-E,938,330,11/10/2015
999-AZC000007-E,233,330,11/10/2015
999-AZC000007-E,78,330,11/10/2015
999-AZC000008-E,290,330,11/10/2015
999-AZC000009-E,784,330,11/10/2015
999-AZC000010-E,155,330,11/10/2015
999-BAC000004-E,110,330,11/10/2015
999-BEC000075-E,78,330,11/10/2015
999-BEC000075-E,55,330,11/10/2015
999-BEC000122-E,20,330,11/10/2015
999-BEC000122-E,72,330,11/10/2015
999-BEC000152-E,38,330,11/10/2015
999-BEC000161-E,10,330,11/10/2015
999-BEC000165-E,58,330,11/10/2015
999-BEC000165-E,10,330,11/10/2015
999-BGC000022-E,7,330,11/10/2015
999-BGC000052-E,15,330,11/10/2015
999-BPC000047-E,57,330,11/10/2015
999-BPC000117-E,14,330,11/10/2015
999-BPC000152-E,2,330,11/10/2015
999-BRC000047-E,10,330,11/10/2015
999-BVC000037-E,25,330,11/10/2015
999-BVC000068-E,9,330,11/10/2015
999-BVC000075-E,230,330,11/10/2015
999-BZC000042-X,1034,330,11/10/2015
999-BZC000042-X,56,330,11/10/2015
999-CAC000008-E,2,330,11/10/2015
999-CAC000086-E,2,330,11/10/2015
999-CAC000153-E,52,330,11/10/2015
999-CAC000173-E,11,330,11/10/2015
999-CAC000192-E,9,330,11/10/2015
999-CAC000366-E,16,330,11/10/2015
999-CAC000436-E,35,330,11/10/2015
999-CAC000658-E,35,330,11/10/2015
999-CAC000658-E,17,330,11/10/2015
999-CAC000659-E,2,330,11/10/2015
999-CAC000904-E,1,330,11/10/2015
999-CAC000909-E,11,330,11/10/2015
999-CAC001281-E,50,330,11/10/2015
999-CECSMX007-M,100,330,11/10/2015
999-CECSMX015-M,170,330,11/10/2015
999-CECSMX015-M,190,330,11/10/2015
999-CECSMX015-M,130,330,11/10/2015
999-CFC000044-M,30,330,11/10/2015
999-CFC000101-M,11,330,11/10/2015
999-CIC000040-E,8,330,11/10/2015
999-CIC000054-E,6,330,11/10/2015
999-CJC000005-E,95,330,11/10/2015
999-CKC000040-E,29,330,11/10/2015
999-CLC000164-E,28,330,11/10/2015
999-ABC000001-E,1966,351,1/13/2016
999-ACC000017-E,693,351,1/13/2016
999-ACC000029-E,1359,351,1/13/2016
999-ACC000052-E,6092,351,1/13/2016
999-ACC316028-E,88,351,1/13/2016
999-ACC316504-E,303,351,1/13/2016
999-ACC317501-E,1645,351,1/13/2016
999-ACC326027-E,187,351,1/13/2016
999-ACC326502-E,908,351,1/13/2016
999-ACC326504-E,137,351,1/13/2016
999-ACC326750-E,381,351,1/13/2016
999-ACC327501-E,3645,351,1/13/2016
999-ACC338501-E,2714,351,1/13/2016
999-ACC757501-E,160,351,1/13/2016
999-ACC757503-E,356,351,1/13/2016
999-ACCC57751-E,181,351,1/13/2016
999-ACCE17751-E,190,351,1/13/2016
999-ACCEA7751-E,451,351,1/13/2016
999-ADCD87752-E,481,351,1/13/2016
999-ADCD87752-E,733,351,1/13/2016
999-AHC916001-E,263,351,1/13/2016
999-AHC916751-E,1890,351,1/13/2016
999-AHC916751-E,1999,351,1/13/2016
999-AHC916751-E,1998,351,1/13/2016
999-AHC916751-E,1998,351,1/13/2016
999-AHC936001-E,553,351,1/13/2016
999-AIC000006-E,195,351,1/13/2016
999-AIC000013-E,459,351,1/13/2016
999-AIC000016-E,429,351,1/13/2016
999-AIC000016-E,107,351,1/13/2016
999-AIC000026-E,548,351,1/13/2016
999-AIC000046-E,300,351,1/13/2016
999-ARC000002-E,120,351,1/13/2016
999-ARC000002-E,50,351,1/13/2016
999-ARC000005-E,94,351,1/13/2016
999-AXC000004-E,672,351,1/13/2016
999-AXC000013-E,42,351,1/13/2016
999-AXC000013-E,325,351,1/13/2016
999-AYC000009-E,250,351,1/13/2016
999-AYC000098-E,292,351,1/13/2016
999-AYC000128-E,332,351,1/13/2016
999-AYC000139-E,354,351,1/13/2016
999-AYC000144-E,265,351,1/13/2016
999-AYC393252-E,1082,351,1/13/2016
999-AYC393252-E,351,351,1/13/2016
999-AYC393501-E,3675,351,1/13/2016
999-AYC393502-E,963,351,1/13/2016
999-AYC393512-E,328,351,1/13/2016
999-AYC393515-E,2271,351,1/13/2016
999-AYC393516-E,3091,351,1/13/2016
999-AYC395001-E,2029,351,1/13/2016
999-AYC395001-E,1323,351,1/13/2016
999-AYC395250-E,1121,351,1/13/2016
999-AYC395251-E,5000,351,1/13/2016
999-AYC395251-E,4919,351,1/13/2016
999-AYC395251-E,4769,351,1/13/2016
999-AYC395252-E,718,351,1/13/2016
999-AYC395255-E,1613,351,1/13/2016
999-AYC395255-E,4941,351,1/13/2016
999-AYC395255-E,1149,351,1/13/2016
999-AYC395256-E,4985,351,1/13/2016
999-AYC395257-E,2676,351,1/13/2016
999-AYC395259-E,3173,351,1/13/2016
999-AYC395265-E,1487,351,1/13/2016
999-AYC395268-E,48,351,1/13/2016
999-AYC395269-E,570,351,1/13/2016
999-AYC395269-E,58,351,1/13/2016
999-AYC395289-E,80,351,1/13/2016
999-AYC395500-E,4300,351,1/13/2016
999-AYC395501-E,3995,351,1/13/2016
999-AYC395501-E,5000,351,1/13/2016
999-AYC395502-E,92,351,1/13/2016
999-AYC395502-E,674,351,1/13/2016
999-AYC395503-E,304,351,1/13/2016
999-AYC595251-E,208,351,1/13/2016
999-AYC595750-E,115,351,1/13/2016
999-AYC815251-E,631,351,1/13/2016
999-AYCB93502-E,88,351,1/13/2016
999-AYCGA3250-E,385,351,1/13/2016
999-AYCGA3252-E,141,351,1/13/2016
999-AYCGA3253-E,15,351,1/13/2016
999-AYCGA3253-E,252,351,1/13/2016
999-AYCGA3254-E,119,351,1/13/2016
999-AYCGA3503-E,138,351,1/13/2016
999-AYCGA3503-E,290,351,1/13/2016
999-AYCGA3504-E,33,351,1/13/2016
999-AYCGA3505-E,44,351,1/13/2016
999-AYCGA3507-E,58,351,1/13/2016
999-AYCGA3507-E,29,351,1/13/2016
999-AYCGA3508-E,98,351,1/13/2016
999-AYCGA5002-E,184,351,1/13/2016
999-AZC000004-E,981,351,1/13/2016
999-AZC000004-E,3025,351,1/13/2016
999-BAA000002-E,1051,351,1/13/2016
999-BBC000013-E,94,351,1/13/2016
999-BEC000028-E,94,351,1/13/2016
999-BEC000053-E,135,351,1/13/2016
999-BEC000053-E,55,351,1/13/2016
999-BEC000067-E,179,351,1/13/2016
999-BEC000079-E,94,351,1/13/2016
999-BGC000002-E,176,351,1/13/2016
999-BGC000022-E,60,351,1/13/2016
999-BGC000035-E,148,351,1/13/2016
999-BPC000018-E,179,351,1/13/2016
999-BPC000019-E,444,351,1/13/2016
999-BRC000016-E,94,351,1/13/2016
999-BVC000001-E,78,351,1/13/2016
999-CAC000119-E,95,351,1/13/2016
999-CAC000193-E,186,351,1/13/2016
999-CAC000206-E,94,351,1/13/2016
999-CBC000001-E,351,351,1/13/2016
999-CLC000001-E,1000,351,1/13/2016
999-CLC000001-E,292,351,1/13/2016
999-CLC000002-E,459,351,1/13/2016
999-CLC000009-E,150,351,1/13/2016
999-CLC000078-E,470,351,1/13/2016
999-CLC000086-E,90,351,1/13/2016
999-CLC000091-E,183,351,1/13/2016
999-CLC000116-E,280,351,1/13/2016
001-PCA5R0030-L,90,354,1/14/2016
001-PCCSY5R13-E,90,354,1/14/2016
103-PCC000005-E,94,353,1/14/2016
999-ABC000001-E,90,354,1/14/2016
999-ACC000009-E,1974,353,1/14/2016
999-ACC000016-E,20962,353,1/14/2016
999-ACC000017-E,282,353,1/14/2016
999-ACC000023-E,450,354,1/14/2016
999-ACC000052-E,1800,354,1/14/2016
999-ACC315001-E,188,353,1/14/2016
999-ACC316028-E,282,353,1/14/2016
999-ACC316505-E,90,354,1/14/2016
999-ACC317501-E,7426,353,1/14/2016
999-ACC326502-E,4042,353,1/14/2016
999-ACC326504-E,282,353,1/14/2016
999-ACC326750-E,188,353,1/14/2016
999-ACC327501-E,4230,353,1/14/2016
999-ACC338501-E,1222,353,1/14/2016
999-AIC000001-E,94,353,1/14/2016
999-AIC000023-E,94,353,1/14/2016
999-AIC000030-E,188,353,1/14/2016
999-AXC000002-E,94,353,1/14/2016
999-AXC000003-E,188,353,1/14/2016
999-AXC000045-E,90,354,1/14/2016
999-AYC000019-E,90,354,1/14/2016
999-AYC000120-E,90,354,1/14/2016
999-AYC000127-E,90,354,1/14/2016
999-AYC000133-E,180,354,1/14/2016
999-AYC000136-E,90,354,1/14/2016
999-AYC000138-E,360,354,1/14/2016
999-AYC000139-E,282,353,1/14/2016
999-AYC000139-E,270,354,1/14/2016
999-AYC000152-E,90,354,1/14/2016
999-AYC393501-E,282,353,1/14/2016
999-AYC393502-E,94,353,1/14/2016
999-AYC393503-E,188,353,1/14/2016
999-AYC393512-E,94,353,1/14/2016
999-AYC393516-E,94,353,1/14/2016
999-AYC395001-E,2914,353,1/14/2016
999-AYC395002-E,90,354,1/14/2016
999-AYC395251-E,4888,353,1/14/2016
999-AYC395252-E,376,353,1/14/2016
999-AYC395254-E,90,354,1/14/2016
999-AYC395255-E,3572,353,1/14/2016
999-AYC395259-E,2726,353,1/14/2016
999-AYC395262-E,270,354,1/14/2016
999-AYC395263-E,180,354,1/14/2016
999-AYC395265-E,94,353,1/14/2016
999-AYC395268-E,1128,353,1/14/2016
999-AYC395276-E,90,354,1/14/2016
999-AYC395289-E,376,353,1/14/2016
999-AYC395500-E,5170,353,1/14/2016
999-AYC395501-E,10528,353,1/14/2016
999-AYC395502-E,1410,353,1/14/2016
999-AYC395503-E,1692,353,1/14/2016
999-AYC395521-E,658,353,1/14/2016
999-AYC395528-E,376,353,1/14/2016
999-AYC395750-E,186,353,1/14/2016
999-AYC595750-E,188,353,1/14/2016
999-AYCF15001-E,188,353,1/14/2016
999-AYCGA3250-E,188,353,1/14/2016
999-AYCGA3251-E,188,353,1/14/2016
999-AYCGA3253-E,94,353,1/14/2016
999-AYCGA3254-E,188,353,1/14/2016
999-AYCGA3502-E,188,353,1/14/2016
999-AYCGA3504-E,470,353,1/14/2016
999-AYCGA3505-E,94,353,1/14/2016
999-AYCGA3507-E,94,353,1/14/2016
999-AZC000004-E,1880,353,1/14/2016
999-BKC000014-E,90,354,1/14/2016
999-CAC000053-E,180,354,1/14/2016
999-CAC000228-E,90,354,1/14/2016
999-CBC000028-E,90,354,1/14/2016
999-CBC000045-E,470,353,1/14/2016
999-CLC000134-E,90,354,1/14/2016
999-CLC000144-E,90,354,1/14/2016
999-CMC000027-E,90,354,1/14/2016
001-PCA5R0030-L,5,357,1/19/2016
001-PCCSY5R13-E,5,357,1/19/2016
203-CDA000023-M,95,358,1/19/2016
203-CDC000016-M,55,358,1/19/2016
203-CGC000018-M,90,358,1/19/2016
998-BZA000283-X,189,358,1/19/2016
998-CFC000023-M,93,358,1/19/2016
998-CPC000014-M,467,358,1/19/2016
999-ABC000001-E,5,357,1/19/2016
999-ABC000001-E,32,358,1/19/2016
999-ACC000002-E,124,358,1/19/2016
999-ACC000016-E,379,358,1/19/2016
999-ACC000023-E,25,357,1/19/2016
999-ACC000048-E,1985,358,1/19/2016
999-ACC000052-E,100,357,1/19/2016
999-ACC000052-E,2209,358,1/19/2016
999-ACC000061-E,197,358,1/19/2016
999-ACC000061-E ,89,358,1/19/2016
999-ACC000078-E,1278,358,1/19/2016
999-ACC000100-E,42,358,1/19/2016
999-ACC000111-E,95,358,1/19/2016
999-ACC000208-E ,271,358,1/19/2016
999-ACC316505-E,5,357,1/19/2016
999-ACC316505-E,103,358,1/19/2016
999-ACC326027-E ,83,358,1/19/2016
999-ACC556750-E,170,358,1/19/2016
999-ACC757501-E ,113,358,1/19/2016
999-ACC7C6501-E,199,358,1/19/2016
999-ACC7C6501-E ,199,358,1/19/2016
999-ADCD87752-E,103,358,1/19/2016
999-AHC916751-E,930,358,1/19/2016
999-AHC936001-E ,29,358,1/19/2016
999-AIC000006-E,85,358,1/19/2016
999-AIC000011-E,94,358,1/19/2016
999-AJC000017-E,92,358,1/19/2016
999-ALC000001-E,475,358,1/19/2016
999-ARC000002-E,17,358,1/19/2016
999-AXC000003-E,154,358,1/19/2016
999-AXC000011-E,187,358,1/19/2016
999-AXC000023-E,1,358,1/19/2016
999-AXC000023-E,188,358,1/19/2016
999-AXC000045-E,5,357,1/19/2016
999-AYC000019-E,5,357,1/19/2016
999-AYC000019-E,93,358,1/19/2016
999-AYC000024-E,296,358,1/19/2016
999-AYC000120-E,5,357,1/19/2016
999-AYC000120-E,91,358,1/19/2016
999-AYC000124-E,3554,358,1/19/2016
999-AYC000127-E,5,357,1/19/2016
999-AYC000127-E,780,358,1/19/2016
999-AYC000133-E,10,357,1/19/2016
999-AYC000136-E,5,357,1/19/2016
999-AYC000136-E,447,358,1/19/2016
999-AYC000138-E,20,357,1/19/2016
999-AYC000138-E,102,358,1/19/2016
999-AYC000138-E,41,358,1/19/2016
999-AYC000139-E,15,357,1/19/2016
999-AYC000139-E,15,358,1/19/2016
999-AYC000146-E,172,358,1/19/2016
999-AYC000148-E,96,358,1/19/2016
999-AYC000152-E,5,357,1/19/2016
999-AYC000152-E,180,358,1/19/2016
999-AYC000161-E,421,358,1/19/2016
999-AYC000557 -E ,33,358,1/19/2016
999-AYC395001-E,108,358,1/19/2016
999-AYC395002-E,5,357,1/19/2016
999-AYC395254-E,5,357,1/19/2016
999-AYC395262-E,15,357,1/19/2016
999-AYC395263-E,10,357,1/19/2016
999-AYC395263-E,33,358,1/19/2016
999-AYC395276-E,5,357,1/19/2016
999-AYC395276-E,181,358,1/19/2016
999-AYC395501-E,948,358,1/19/2016
999-AYC395503-E,1195,358,1/19/2016
999-AYC395504-E ,30,358,1/19/2016
999-AYC395514-E,178,358,1/19/2016
999-AYC395519-E,37,358,1/19/2016
999-AYC395521-E,4291,358,1/19/2016
999-AYC395521-E,30,358,1/19/2016
999-AYC395528-E,41,358,1/19/2016
999-AYC395534-E,80,358,1/19/2016
999-AYC595001-E,168,358,1/19/2016
999-AYC595501-E,495,358,1/19/2016
999-AYC815251-E ,1101,358,1/19/2016
999-AYCGA3255-E,98,358,1/19/2016
999-AYCGA3503-E,64,358,1/19/2016
999-AYCGA3504-E,349,358,1/19/2016
999-AZC000001-E,600,358,1/19/2016
999-AZC000001-E,380,358,1/19/2016
999-BAA000002-E,60,358,1/19/2016
999-BEC000107-E,14,358,1/19/2016
999-BEC000236-E ,9,358,1/19/2016
999-BKC000014-E,5,357,1/19/2016
999-BLC000001-E,94,358,1/19/2016
999-BOC000001-E,94,358,1/19/2016
999-BUC000001-E,89,358,1/19/2016
999-BVC000068-E,95,358,1/19/2016
999-CAC000001-E,95,358,1/19/2016
999-CAC000006-E,475,358,1/19/2016
999-CAC000021-E,194,358,1/19/2016
999-CAC000053-E,10,357,1/19/2016
999-CAC000053-E,183,358,1/19/2016
999-CAC000054-E,190,358,1/19/2016
999-CAC000105-E,95,358,1/19/2016
999-CAC000107-E,95,358,1/19/2016
999-CAC000173-E,1,358,1/19/2016
999-CAC000192-E,195,358,1/19/2016
999-CAC000210-E,95,358,1/19/2016
999-CAC000228-E,5,357,1/19/2016
999-CAC000242-E,95,358,1/19/2016
999-CAC000243-E,95,358,1/19/2016
999-CBC000001-E,76,358,1/19/2016
999-CBC000028-E,5,357,1/19/2016
999-CBC000045-E,103,358,1/19/2016
999-CBC000049-E,732,358,1/19/2016
999-CECSMX014-M,850,358,1/19/2016
999-CECSMX015-M,80,358,1/19/2016
999-CECSPX010-M,184,358,1/19/2016
999-CECWPS000-M,321,358,1/19/2016
999-CECWPS005-M,190,358,1/19/2016
999-CJC000005-E,95,358,1/19/2016
999-CLC000001-E,270,358,1/19/2016
999-CLC000007 -E ,19,358,1/19/2016
999-CLC000007-E,54,358,1/19/2016
999-CLC000008-E,100,358,1/19/2016
999-CLC000009-E,131,358,1/19/2016
999-CLC000013-E,94,358,1/19/2016
999-CLC000017-E,93,358,1/19/2016
999-CLC000018-E,188,358,1/19/2016
999-CLC000023-E,94,358,1/19/2016
999-CLC000035-E,0,358,1/19/2016
999-CLC000053-E,93,358,1/19/2016
999-CLC000054-E,160,358,1/19/2016
999-CLC000059-E,94,358,1/19/2016
999-CLC000076-E,84,358,1/19/2016
999-CLC000086-E,44,358,1/19/2016
999-CLC000134-E,5,357,1/19/2016
999-CLC000144-E,5,357,1/19/2016
999-CLC000243-E,62,358,1/19/2016
999-CMC000027-E,5,357,1/19/2016
999-CMC000032-E,8,358,1/19/2016
999-CMC000137-E,57,358,1/19/2016
001-PCA5R0015-L,94,361,1/23/2016
001-PCCSY5R03-E,94,361,1/23/2016
103-PCC000005-E,1,361,1/23/2016
999-ABC000001-E,21,361,1/23/2016
999-ABC000001-E,188,361,1/23/2016
999-ACC000009-E,21,361,1/23/2016
999-ACC000016-E,232,361,1/23/2016
999-ACC000017-E,3,361,1/23/2016
999-ACC000029-E,8,361,1/23/2016
999-ACC000048-E,94,361,1/23/2016
999-ACC000050-E,940,361,1/23/2016
999-ACC000052-E,1316,361,1/23/2016
999-ACC315001-E,2,361,1/23/2016
999-ACC316026-E,1,361,1/23/2016
999-ACC316028-E,4,361,1/23/2016
999-ACC316504-E,3,361,1/23/2016
999-ACC317501-E,90,361,1/23/2016
999-ACC317501-E,94,361,1/23/2016
999-ACC326027-E,2,361,1/23/2016
999-ACC326502-E,51,361,1/23/2016
999-ACC326504-E,3,361,1/23/2016
999-ACC326750-E,2,361,1/23/2016
999-ACC327501-E,55,361,1/23/2016
999-ACC338501-E,16,361,1/23/2016
999-ACC556750-E,94,361,1/23/2016
999-ACC757501-E,3,361,1/23/2016
999-ACC757502-E,4,361,1/23/2016
999-ACC757503-E,4,361,1/23/2016
999-ACC7C6501-E,3,361,1/23/2016
999-ACCC57751-E,2,361,1/23/2016
999-ACCE17751-E,2,361,1/23/2016
999-ACCEA7751-E,5,361,1/23/2016
999-ADC000001-E,1,361,1/23/2016
999-ADCD87752-E,13,361,1/23/2016
999-AHC916001-E,3,361,1/23/2016
999-AHC916751-E,94,361,1/23/2016
999-AHC926001-E,2,361,1/23/2016
999-AHC926001-E,561,361,1/23/2016
999-AHC936001-E,6,361,1/23/2016
999-AHCA16001-E,1,361,1/23/2016
999-AIC000001-E,2,361,1/23/2016
999-AIC000005-E,1,361,1/23/2016
999-AIC000006-E,3,361,1/23/2016
999-AIC000007-E,1,361,1/23/2016
999-AIC000011-E,1,361,1/23/2016
999-AIC000013-E,5,361,1/23/2016
999-AIC000015-E,2,361,1/23/2016
999-AIC000016-E,7,361,1/23/2016
999-AIC000023-E,2,361,1/23/2016
999-AIC000026-E,6,361,1/23/2016
999-AIC000030-E,5,361,1/23/2016
999-AIC000032-E,94,361,1/23/2016
999-AIC000046-E,4,361,1/23/2016
999-AOC000010-E,1,361,1/23/2016
999-ARC000002-E,2,361,1/23/2016
999-ARC000005-E,1,361,1/23/2016
999-AXC000001-E,1,361,1/23/2016
999-AXC000002-E,2,361,1/23/2016
999-AXC000003-E,6,361,1/23/2016
999-AXC000004-E,7,361,1/23/2016
999-AXC000011-E,2,361,1/23/2016
999-AXC000013-E,5,361,1/23/2016
999-AXC000017-E,1,361,1/23/2016
999-AXC000023-E,2,361,1/23/2016
999-AYC000009-E,2,361,1/23/2016
999-AYC000098-E,2,361,1/23/2016
999-AYC000120-E,188,361,1/23/2016
999-AYC000124-E,752,361,1/23/2016
999-AYC000128-E,3,361,1/23/2016
999-AYC000138-E,188,361,1/23/2016
999-AYC000139-E,3,361,1/23/2016
999-AYC000139-E,188,361,1/23/2016
999-AYC000144-E,2,361,1/23/2016
999-AYC000146-E,94,361,1/23/2016
999-AYC000148-E,94,361,1/23/2016
999-AYC000149-E,94,361,1/23/2016
999-AYC000160-E,94,361,1/23/2016
999-AYC000161-E,94,361,1/23/2016
999-AYC393252-E,14,361,1/23/2016
999-AYC393501-E,3,361,1/23/2016
999-AYC393502-E,1,361,1/23/2016
999-AYC393503-E,2,361,1/23/2016
999-AYC393512-E,1,361,1/23/2016
999-AYC393514-E,1,361,1/23/2016
999-AYC393515-E,2,361,1/23/2016
999-AYC393516-E,1,361,1/23/2016
999-AYC395001-E,55,361,1/23/2016
999-AYC395250-E,3,361,1/23/2016
999-AYC395251-E,205,361,1/23/2016
999-AYC395252-E,4,361,1/23/2016
999-AYC395255-E,75,361,1/23/2016
999-AYC395256-E,4,361,1/23/2016
999-AYC395257-E,4,361,1/23/2016
999-AYC395259-E,57,361,1/23/2016
999-AYC395265-E,1,361,1/23/2016
999-AYC395268-E,16,361,1/23/2016
999-AYC395269-E,2,361,1/23/2016
999-AYC395289-E,4,361,1/23/2016
999-AYC395500-E,84,361,1/23/2016
999-AYC395501-E,206,361,1/23/2016
999-AYC395502-E,18,361,1/23/2016
999-AYC395503-E,19,361,1/23/2016
999-AYC395504-E,1,361,1/23/2016
999-AYC395514-E,2,361,1/23/2016
999-AYC395519-E,94,361,1/23/2016
999-AYC395521-E,7,361,1/23/2016
999-AYC395528-E,4,361,1/23/2016
999-AYC395534-E,1,361,1/23/2016
999-AYC595251-E,2,361,1/23/2016
999-AYC595750-E,2,361,1/23/2016
999-AYC815251-E,7,361,1/23/2016
999-AYCB93502-E,2,361,1/23/2016
999-AYCF15001-E,3,361,1/23/2016
999-AYCGA3250-E,2,361,1/23/2016
999-AYCGA3251-E,2,361,1/23/2016
999-AYCGA3252-E,1,361,1/23/2016
999-AYCGA3253-E,2,361,1/23/2016
999-AYCGA3254-E,2,361,1/23/2016
999-AYCGA3255-E,1,361,1/23/2016
999-AYCGA3502-E,2,361,1/23/2016
999-AYCGA3503-E,2,361,1/23/2016
999-AYCGA3504-E,5,361,1/23/2016
999-AYCGA3505-E,2,361,1/23/2016
999-AYCGA3507-E,1,361,1/23/2016
999-AYCGA3508-E,1,361,1/23/2016
999-AYCGA5002-E,1,361,1/23/2016
999-AZC000001-E,7,361,1/23/2016
999-AZC000004-E,63,361,1/23/2016
999-BAA000002-E,12,361,1/23/2016
999-BBC000013-E,1,361,1/23/2016
999-BCC000001-E,1,361,1/23/2016
999-BEC000028-E,1,361,1/23/2016
999-BEC000029-E,1,361,1/23/2016
999-BEC000053-E,2,361,1/23/2016
999-BEC000067-E,1,361,1/23/2016
999-BEC000079-E,1,361,1/23/2016
999-BEC000122-E,1,361,1/23/2016
999-BEC000236-E,1,361,1/23/2016
999-BGC000002-E,3,361,1/23/2016
999-BGC000005-E,1,361,1/23/2016
999-BGC000012-E,94,361,1/23/2016
999-BGC000022-E,1,361,1/23/2016
999-BGC000035-E,1,361,1/23/2016
999-BGC000062-E,94,361,1/23/2016
999-BHC000001-E,3,361,1/23/2016
999-BHC000002-E,188,361,1/23/2016
999-BKC000010-E,1,361,1/23/2016
999-BLC000001-E,1,361,1/23/2016
999-BOC000001-E,1,361,1/23/2016
999-BPC000018-E,2,361,1/23/2016
999-BPC000019-E,4,361,1/23/2016
999-BRC000016-E,1,361,1/23/2016
999-BTC000002-E,1,361,1/23/2016
999-BVC000001-E,1,361,1/23/2016
999-BVC000003-E,1,361,1/23/2016
999-BVC000005-E,1,361,1/23/2016
999-BVC000025-E,1,361,1/23/2016
999-CAC000004-E,1,361,1/23/2016
999-CAC000119-E,1,361,1/23/2016
999-CAC000193-E,2,361,1/23/2016
999-CAC000206-E,1,361,1/23/2016
999-CBC000001-E,5,361,1/23/2016
999-CBC000045-E,11,361,1/23/2016
999-CLC000001-E,14,361,1/23/2016
999-CLC000002-E,5,361,1/23/2016
999-CLC000007-E,1,361,1/23/2016
999-CLC000008-E,1,361,1/23/2016
999-CLC000008-E,94,361,1/23/2016
999-CLC000009-E,3,361,1/23/2016
999-CLC000013-E,1,361,1/23/2016
999-CLC000017-E,1,361,1/23/2016
999-CLC000018-E,2,361,1/23/2016
999-CLC000023-E,1,361,1/23/2016
999-CLC000029-E,2,361,1/23/2016
999-CLC000052-E,1,361,1/23/2016
999-CLC000053-E,1,361,1/23/2016
999-CLC000054-E,94,361,1/23/2016
999-CLC000059-E,1,361,1/23/2016
999-CLC000076-E,1,361,1/23/2016
999-CLC000078-E,5,361,1/23/2016
999-CLC000084-E,1,361,1/23/2016
999-CLC000085-E,1,361,1/23/2016
999-CLC000086-E,1,361,1/23/2016
999-CLC000091-E,2,361,1/23/2016
999-CLC000096-E,1,361,1/23/2016
999-CLC000116-E,3,361,1/23/2016
998-BBC000004-E,1,372,2/17/2016
998-BBC000006-E,2,372,2/17/2016
998-BBC000014-E,40,372,2/17/2016
998-BZA000189-X,9,372,2/17/2016
998-BZA000645-X,9,372,2/17/2016
998-BZA000966-X,8,372,2/17/2016
998-CPC000048-M,100,374,2/17/2016
998-CPC000049-M,49,374,2/17/2016
998-CPC000051-M,100,374,2/17/2016
998-CPC000052-M,100,374,2/17/2016
998-CPC000053-M,7,374,2/17/2016
998-CPC000054-M,7,374,2/17/2016
998-CPC000057-M,100,374,2/17/2016
998-CPC000058-M,77,374,2/17/2016
998-CPC000066-M,390,374,2/17/2016
998-CPC000067-M,5,374,2/17/2016
998-CPC000068-M,480,374,2/17/2016
998-CPC000086-M,1,374,2/17/2016
998-CPC000091-M,247,374,2/17/2016
998-CPC000092-M,79,374,2/17/2016
998-CPC000160-M,3,374,2/17/2016
998-CPC000162-M,21,374,2/17/2016
998-CPC000216-M,5,374,2/17/2016
998-CPC000224-M,2,374,2/17/2016
998-CPC000596-M,15,374,2/17/2016
998-CPC000597-M,8,374,2/17/2016
998-CPC000599-M,3,374,2/17/2016
998-CPC000600-M,3,374,2/17/2016
998-CPC000635-M,44,374,2/17/2016
998-CPC000668-M,66,374,2/17/2016
998-CPC000673-M,56,374,2/17/2016
998-CPC000740-M,50,374,2/17/2016
998-CPC000952-M,50,374,2/17/2016
998-CPC000953-M,45,374,2/17/2016
999-ADC000001-E,50,372,2/17/2016
999-ADC000001-E,94,372,2/17/2016
999-ADC000018-E,37,372,2/17/2016
999-ADC000026-E,32,372,2/17/2016
999-ADC000029-E,8,372,2/17/2016
999-ADC837001-E,69,373,2/17/2016
999-AEC000004-E,1,372,2/17/2016
999-AHCA16001-E,104,372,2/17/2016
999-AIC000001-E,202,372,2/17/2016
999-AIC000001-E,32,372,2/17/2016
999-AIC000005-E,94,372,2/17/2016
999-AIC000006-E,116,372,2/17/2016
999-AIC000007-E,101,372,2/17/2016
999-AIC000011-E,59,372,2/17/2016
999-AIC000015-E,187,372,2/17/2016
999-AIC000016-E,39,372,2/17/2016
999-AIC000023-E,297,372,2/17/2016
999-AIC000026-E,3,372,2/17/2016
999-AIC000030-E,279,372,2/17/2016
999-AIC000032-E,117,372,2/17/2016
999-AIC000065-E,23,372,2/17/2016
999-AIC000065-E,38,372,2/17/2016
999-AIC000073-E,21,372,2/17/2016
999-AIC000073-E,3,372,2/17/2016
999-AIC000077-E,2,372,2/17/2016
999-AIC000079-E,19,372,2/17/2016
999-AIC000119-E,11,372,2/17/2016
999-AJC000008-E,4,372,2/17/2016
999-AJC000009-E,33,372,2/17/2016
999-AJC000017-E,4,372,2/17/2016
999-AJC000039-E,106,372,2/17/2016
999-AKC000006-E,44,372,2/17/2016
999-ALC000001-E,19,372,2/17/2016
999-AOC000003-E,79,372,2/17/2016
999-AOC000010-E,93,372,2/17/2016
999-AOC000010-E,94,372,2/17/2016
999-AOC000016-E,2,372,2/17/2016
999-AOC000028-E,7,372,2/17/2016
999-AOC000036-E,3,372,2/17/2016
999-AOC000040-E,61,372,2/17/2016
999-AOC000066-E,1,372,2/17/2016
999-AOC000086-E,115,372,2/17/2016
999-AOC000094-E,20,372,2/17/2016
999-AOC000132-E,34,372,2/17/2016
999-ARC000004-E,1,372,2/17/2016
999-ARC000005-E,6,372,2/17/2016
999-AXC000001-E,93,372,2/17/2016
999-AXC000002-E,93,372,2/17/2016
999-AXC000003-E,539,372,2/17/2016
999-AXC000006-E,4,372,2/17/2016
999-AXC000011-E,102,372,2/17/2016
999-AXC000013-E,263,372,2/17/2016
999-AXC000017-E,92,372,2/17/2016
999-AXC000023-E,68,372,2/17/2016
999-AXC000023-E,2,372,2/17/2016
999-AXC000035-E,44,372,2/17/2016
999-AXC000049-E,115,372,2/17/2016
999-AXC000058-E,20,372,2/17/2016
999-AXC000060-E,8,372,2/17/2016
999-AXC000061-E,12,372,2/17/2016
999-AXC000080-E,11,372,2/17/2016
999-AXC000080-E,18,372,2/17/2016
999-AXC000084-E,16,372,2/17/2016
999-AXC000094-E,96,372,2/17/2016
999-AXC000104-E,30,372,2/17/2016
999-AZC000001-E,281,372,2/17/2016
999-AZC000006-E,4797,372,2/17/2016
999-BAA000002-E,77,372,2/17/2016
999-BBC000013-E,5,372,2/17/2016
999-BBC000020-E,5,372,2/17/2016
999-BBC000040-E,1,372,2/17/2016
999-BBC000091-E,16,372,2/17/2016
999-BCC000001-E,80,372,2/17/2016
999-BCC000002-E,125,372,2/17/2016
999-BCC000004-E,6,372,2/17/2016
999-BCC000013-E,0,372,2/17/2016
999-BGC000002-E,124,372,2/17/2016
999-BHC000001-E,13,372,2/17/2016
999-BHC000001-E,281,372,2/17/2016
999-BKC000008-E,35,372,2/17/2016
999-BOC000001-E,0,372,2/17/2016
999-BRC000016-E,1,372,2/17/2016
999-BUC000011-E,140,372,2/17/2016
999-BVC000003-E,124,372,2/17/2016
999-BVC000005-E,93,372,2/17/2016
999-BVC000007-E,4,372,2/17/2016
999-BVC000025-E,94,372,2/17/2016
999-BVC000046-E,186,372,2/17/2016
999-BVC000096-E,14,372,2/17/2016
999-BVC000167-E,18,372,2/17/2016
999-CAC000053-E,1,372,2/17/2016
999-CAC000054-E,8,372,2/17/2016
999-CAC000189-E,6,372,2/17/2016
999-CAC000192-E,2,372,2/17/2016
999-CAC000193-E,4,372,2/17/2016
999-CAC000329-E,10,372,2/17/2016
999-CAC000352-E,4,372,2/17/2016
999-CAC000378-E,11,372,2/17/2016
999-CAC000406-E,12,372,2/17/2016
999-CAC000418-E,4,372,2/17/2016
999-CAC000436-E,1,372,2/17/2016
999-CAC000436-E,4,372,2/17/2016
999-CAC000487-E,3,372,2/17/2016
999-CAC000505-E,1,372,2/17/2016
999-CAC000684-E,3,372,2/17/2016
999-CBC000001-E,26,372,2/17/2016
999-CBC000028-E,2,372,2/17/2016
999-CBC000045-E,107,372,2/17/2016
999-CFC000072-M,11,372,2/17/2016
999-CFC000119-M,1,372,2/17/2016
999-CIC000032-E,1,372,2/17/2016
999-CJC000001-E,38,372,2/17/2016
999-CKC000023-E,1,372,2/17/2016
999-CLC000001-E,19,372,2/17/2016
999-CLC000008-E,29,372,2/17/2016
999-CLC000013-E,157,372,2/17/2016
999-CLC000018-E,41,372,2/17/2016
999-CLC000029-E,8,372,2/17/2016
999-CLC000035-E,51,372,2/17/2016
999-CLC000053-E,5,372,2/17/2016
999-CLC000054-E,22,372,2/17/2016
999-CLC000059-E,5,372,2/17/2016
999-CLC000073-E,16,372,2/17/2016
999-CLC000076-E,28,372,2/17/2016
999-CLC000080-E,25,372,2/17/2016
999-CLC000091-E,6,372,2/17/2016
999-CLC000095-E,2,372,2/17/2016
999-CLC000112-E,9,372,2/17/2016
999-CLC000114-E,13,372,2/17/2016
999-CLC000116-E,14,372,2/17/2016
999-CLC000137-E,23,372,2/17/2016
999-CLC000141-E,42,372,2/17/2016
999-CLC000161-E,14,372,2/17/2016
999-CLC000167-E,58,372,2/17/2016
999-CLC000170-E,11,372,2/17/2016
999-CLC000177-E,19,372,2/17/2016
999-CLC000204-E,28,372,2/17/2016
999-CLC000211-E,20,372,2/17/2016
999-CLC000224-E,31,372,2/17/2016
999-CLC000259-E,125,372,2/17/2016
999-CLC000426-E,48,372,2/17/2016
999-COC000012-E,5,372,2/17/2016
103-CDC000003-M,160,383,2/27/2016
110-CDA000003-M,3,383,2/27/2016
115-CGC000019-M,1,383,2/27/2016
130-CCA000020-M,2,383,2/27/2016
130-CGC000120-M,3,383,2/27/2016
141-CCA000003-M,4,383,2/27/2016
170-CCA000022-M,1,383,2/27/2016
170-CCA000032-M,1,383,2/27/2016
170-CDA000010-M,2,383,2/27/2016
170-CDA000024-M,1,383,2/27/2016
170-CGC000005-M,1,383,2/27/2016
201-CCA000017-M  ,1,383,2/27/2016
998-BZA000857-X,6,383,2/27/2016
998-CPC000011-E   ,236,383,2/27/2016
998-CPC000068-M,150,383,2/27/2016
998-CPC000208-M,4000,383,2/27/2016
998-CPC000207-M,693,383,2/27/2016
998-CPC000245-M,980,383,2/27/2016
999-ACC000013-E,185,383,2/27/2016
999-ACC000023-E,172,383,2/27/2016
999-ACC000029-E,192,383,2/27/2016
999-ACC000050-E,1430,383,2/27/2016
999-ACC000052-E,3398,383,2/27/2016
999-ACC000100-E,1032,383,2/27/2016
999-ACC000120-E,21,383,2/27/2016
999-ACC000222-E,37,383,2/27/2016
999-ACC317501-E,792,383,2/27/2016
999-ACC8D7501-E,33,383,2/27/2016
999-ACCC57751-E,26,383,2/27/2016
999-ACCEA7751-E,46,383,2/27/2016
999-AHC926001-E,398,383,2/27/2016
999-AIC000001-E,72,383,2/27/2016
999-AIC000046-E,40,383,2/27/2016
999-AIC000090-E,23,383,2/27/2016
999-AJC000002-E,17,383,2/27/2016
999-AOC000030-E,5,383,2/27/2016
999-AXC000006-E,117,383,2/27/2016
999-AXC000023-E,7,383,2/27/2016
999-AXC000080-E,6,383,2/27/2016
999-AYC000005-E,647,383,2/27/2016
999-AYC000401-E,34,383,2/27/2016
999-AYC000464-E,125,383,2/27/2016
999-AYC000557-E,13,383,2/27/2016
999-AYC393254-E,640,383,2/27/2016
999-AYC393502-E,192,383,2/27/2016
999-AYC395262-E,235,383,2/27/2016
999-AYC815251-E,340,383,2/27/2016
999-BBC000091-E,2,383,2/27/2016
999-BCC000001-E,15,383,2/27/2016
999-BCC000013-E,19,383,2/27/2016
999-BEC000026-E,38,383,2/27/2016
999-BEC000028-E,4,383,2/27/2016
999-BEC000107-E,1,383,2/27/2016
999-BEC000111-E,11,383,2/27/2016
999-BEC000148-E,5,383,2/27/2016
999-BEC000151-E,111,383,2/27/2016
999-BEC000152-E,1,383,2/27/2016
999-BEC000155-E,6,383,2/27/2016
999-BEC000165-E,3,383,2/27/2016
999-BEC000205-E,2,383,2/27/2016
999-BEC000208-E,26,383,2/27/2016
999-BEC000233-E,27,383,2/27/2016
999-BEC000287-E,5,383,2/27/2016
999-BEC000292-E,2,383,2/27/2016
999-BGC000005-E,94,383,2/27/2016
999-BGC000012-E,34,383,2/27/2016
999-BGC000022-E,22,383,2/27/2016
999-BGC000025-E,25,383,2/27/2016
999-BGC000057-E,123,383,2/27/2016
999-BGC000062-E,8,383,2/27/2016
999-BKC000010-E,94,383,2/27/2016
999-BOC000001-E,31,383,2/27/2016
999-BOC000007-E,13,383,2/27/2016
999-BPC000008-E,1,383,2/27/2016
999-BPC000015-E,8,383,2/27/2016
999-BPC000018-E,12,383,2/27/2016
999-BPC000026-E,7,383,2/27/2016
999-BPC000038-E,35,383,2/27/2016
999-BPC000053-E,2,383,2/27/2016
999-BPC000077-E,28,383,2/27/2016
999-BPC000083-E,1,383,2/27/2016
999-BPC000111-E,7,383,2/27/2016
999-BPC000114-E,7,383,2/27/2016
999-BRC000020-E,10,383,2/27/2016
999-BRC000050-E,4,383,2/27/2016
999-BTC000022-E,2,383,2/27/2016
999-BTC000024-E,28,383,2/27/2016
999-CAC000173-E,5,383,2/27/2016
999-CAC000193-E,23,383,2/27/2016
999-CAC000718-E,1,383,2/27/2016
999-CFC000037-M,3,383,2/27/2016
999-CFC000091-M,25,383,2/27/2016
999-CLC000007-E,92,383,2/27/2016
999-CLC000024-E,1,383,2/27/2016
999-CLC000029-E,223,383,2/27/2016
999-CLC000051-E,29,383,2/27/2016
999-CLC000052-E,94,383,2/27/2016
999-CLC000076-E,93,383,2/27/2016
999-CLC000077-E,52,383,2/27/2016
999-CLC000078-E,14,383,2/27/2016
999-CLC000084-E,94,383,2/27/2016
999-CLC000085-E,50,383,2/27/2016
999-CLC000159-E,14,383,2/27/2016
999-CLC000180-E,149,383,2/27/2016
999-CLC000224-E,3,383,2/27/2016
999-CLC000249-E,52,383,2/27/2016
999-CLC000554-E,5,383,2/27/2016
999-CMC000026-E,24,383,2/27/2016
999-CMC000027-E,2,383,2/27/2016
999-CMCT00054-E,1,383,2/27/2016
999-AIC000011-E,5,385,3/9/2016
999-AIC000074-E,19,385,3/9/2016
999-AKC000006-E,2,385,3/9/2016
999-ALC000001-E,5,385,3/9/2016
999-ALC000003-E,3,385,3/9/2016
999-AOC000094-E,11,385,3/9/2016
999-AXC800003-E,4,385,3/9/2016
999-BCC000002-E,1,385,3/9/2016
999-BGC000005-E,5,385,3/9/2016
999-BOC000007-E,10,385,3/9/2016
999-BPC000041-E,64,385,3/9/2016
999-BRC000082-E,1,385,3/9/2016
999-BUC000002-E,5,385,3/9/2016
999-CAC000001-E,9,385,3/9/2016
999-CAC000008-E,9,385,3/9/2016
999-CAC000053-E,4,385,3/9/2016
999-CAC000054-E,4,385,3/9/2016
999-CAC000406-E,15,385,3/9/2016
999-CAC000597-E,7,385,3/9/2016
999-CAC000814-E,3,385,3/9/2016
999-CLC000089-E,2,385,3/9/2016
999-CLC000177-E,2,385,3/9/2016
999-CLC000204-E,4,385,3/9/2016
104-PCC000002-E,585,385,3/9/2016
